,ID,Hash,Time,Content,Latitude,Longitude,Brand,Continent
0,1.91e+18,BpwYvMDnR7A,11/4/2018 11:03,"La notte ha portato pugni,calci e testate
Ma non c'Ã¨ risveglio migliore
DomenicheğŸ“·â¤ï¸ğŸ˜‡ğŸ˜ˆ
#sundaymorning #breakfast #colazionideicampioni #nutella #buondÃ¬ #lapartita #mattia #angioletto #diavoletto #instabreakfast #piÃ§ #felicita",0.0,0.1,Nutella,EU & Africa
1,1.91e+18,BpwYs0mHNtW,11/4/2018 11:02,"Petit dÃ©jeuner Ã  l'amÃ©ricainó¾“¦

#pancakes #coffee #beignets #orange #siroperable #nutella #breakfast #sunday #withlove #picoftheday",0.0,0.0,Nutella,EU & Africa
2,1.91e+18,BpwYlOJHFDL,11/4/2018 11:01,"Sabato. âœ¨ğŸ«
#piccolegioie

#saturdaymood #saturdaynight #food #foodlover #fooporn #streetfood #sempreamangiare #waffle #nutella #magraMAI #moodoftheday #vsco #vscocam #picoftheday",44.034378000000004,10.137616,Nutella,EU & Africa
3,1.91e+18,BpwYjKvAd_W,11/4/2018 11:01,#nutella#lÄ± kahve denediniz mi ğŸ˜˜mutlu pazarlar ğŸ’•,38.01333333,32.69888889,Nutella,EU & Africa
4,1.91e+18,BpwYiB-g7Y6,11/4/2018 11:01,"-""more mi prepari un toast con la #nutella ?""-
â€¢
â€¢
â€¢
â€¢
Apri ed esce qst! â€¢
â€¢
â€¢
â€¢
#iloveyou #iloveyoumylove #instalove
#instanoi #andreaegiulia #mansardapassariellotoscano",0.0,0.0,Nutella,EU & Africa
5,1.91e+18,BpwYeLHlN5p,11/4/2018 11:00,Kanel- och kardemummavÃ¥fflor serveras med #nutella ğŸ˜‹ #Ã¤tabÃ¶rman #hemlagat,59.87523681,17.64861732,Nutella,EU & Africa
6,1.91e+18,BpwYeAlDMuo,11/4/2018 11:00,"Les petites crÃªpes du dimanche matin ğŸ¥ ğŸ¤—
âœ–ï¸
#dimanche #dimanchematin #bondimanche #dimancheaucalme #dimanchealamaison #crepenutella #creperie #crepeparty #crepelovers #crepes #sucre #sucrementbon #amoursucrÃ© #weekend #weekendvibes #weekendtime #weekendfood #foodporn #food #foodstagram #nutella #nutellalove #nutellalover #nutellaporn #gourmandise #gourmand #pechecapital #onvaseregaler #foodpornography #foodphotography",0.0,0.0,Nutella,EU & Africa
7,1.91e+18,BpwYcFpnp_5,11/4/2018 11:00,"Black Friday Novembro
No delivery Ifood 
#ifood #blackfriday2018 #novembro #bagel #fastfood #delivery #fastfoodlife #saopaulo #brasil #delicias #nutella #nutellağŸ« #bagelsandwich #zonaoestesp #paulista #brasil #bagelworld #bagelstore #fastfoods #ifoodbrasil #ifoodlovers #gastronogram #fastfood #fastfooddelivery #fastfood",-23.56121,-46.691959999999995,Nutella,America
8,1.91e+18,BpwYXwYFI2v,11/4/2018 10:59,#anniversary #cupcakes as ordered ğŸ˜‹â¤ï¸,0.0,0.0,Nutella,EU & Africa
9,1.91e+18,BpwYSjFl_Kk,11/4/2018 10:59,"Bonjour ğŸ˜ un petit dÃ©jeuner gourmand ğŸ¤©
Bon dimanche Ã  tous ğŸ˜Š
#breakfast #pancakes #nutella #coffee #petitdejeuner #gourmand #foodstagram #foodstyling #instafood #likeforlikes #instalike #foodporn #foodie #instagood",48.8567,2.3508,Nutella,EU & Africa
10,1.91e+18,BpwYRlyAMCe,11/4/2018 10:59,"Mad over Shakes is one of the best palce for thick shakes and snacks in Bhopal with wide variety of flavours to choose.
.
.
.
____________________________________________
Place- @madovershakes
(E-2, In front of Bansal news office, Bhopal)
____________________________________________
.
.
_____________________________________________
Tag you friends and follow @flavoursofbhopal
for more Bhopali food updates
_____________________________________________
.
.
.
#food #foodgasm #nutella
#foodphotography #nutellashake #strawberryshake #milkshakes #madovershakes #followï½e #igdaily #milkshakes #foodie #foodblogger #foodporn #indianfoodbloggers #bhopal #foodies #coffee #dailyfood  #followforfollowback #f4f #like #l4l #likeforlikes #chocolate #foodbloggersofinstagram #foodmemes",14.604823800000002,78.04700375,Nutella,Asia
11,1.91e+18,BpwYO4FFvgr,11/4/2018 10:58,Happy b-day to me~ ğŸ˜‚â¤ğŸ”¥ #colazione #breakfast #nutella #colazionedeicampioni #lepetitedejeuner #frÃ¼hstÃ¼ck #pancakes #nutellapancakes #essen #eating #cibo #food #gelato #icecream #panna #sourcreem #vanillaicecream #birthday #bday,0.0,0.0,Nutella,EU & Africa
12,1.91e+18,BpwYNf1FGgN,11/4/2018 10:58,"...E quando il tuo bimbo chiede cioccolato dentro e fuori non si puÃ² non accontentare ğŸ˜€ğŸ˜... Torta al cioccolato con crema al mascarpone e Nutella arricchita con cioccolato Kinder 
La mia ambizione mi porta ad affrontare sfide sempre piÃ¹ complesse perchÃ© crescere in quella che Ã¨ la mia passione Ã¨ il mio obiettivo, ma far felice un bambino x il suo compleanno porta soddisfazioni che non hanno uguali...
...E allora chi se ne frega delle torte spettacolari o delle preparazioni da chimico. C'Ã¨ un bambino da far felice e non c'Ã¨ ambizione piÃ¹ grande ğŸ˜
Chi vuol intendere intenda...ğŸ˜œğŸ˜œğŸ˜œ #sevenbakery #pastry #cakebirthday #cioccolato",0.0,0.0,Nutella,EU & Africa
13,1.91e+18,BpwYK-YDb_a,11/4/2018 10:58,If i must work on a Sunday ğŸ¤£ğŸ˜â˜•ï¸ğŸ¥œğŸŒ° #catchinguponmessages #miabellaboxes #costa #nutella #costacombo,0.0,0.0,Nutella,EU & Africa
14,1.91e+18,BpwYIjsFhq-,11/4/2018 10:57,"Cold mornings are made for porridge and #nutella. Agent M will be thrilled to bits tomorrow when I add a drop of this to his breakfast. Plus look how adorable the glass is. I love these little jars cause we reuse the glasses for drinking and as candle holders.

#Christmas #upcycle #recycle #coldmornings #mumblogger #UKblogger #craftblogger #familyblogger #familyblog #mommybloggers #RealInstagram #mumlife #mommylife #parentingblogger #mblogger #pblogger #UKmumblogger #parentbloggersUK #childhoodunplugged #motherhoodunplugged #letthembelittle #nothingisordinary #motherhoodrising #uniteinmotherhood #candidchildhood #dailyparenting #mytinymoments",0.0,0.0,Nutella,EU & Africa
15,1.91e+18,BpwYGfMAHrZ,11/4/2018 10:57,We love pancakes ğŸ¥ almost every weekend I make pancakes for the kids and me as a weekend treat. #nutella #pancakes #biscuitspread #foodporn #foodie #breakfast,0.0,0.0,Nutella,EU & Africa
16,1.91e+18,BpwX5otAp0l,11/4/2018 10:57,"Venha aprender  a fazer essa gostosura!!â¬†ï¸ğŸ˜ğŸ˜‹
.
.
â¡ï¸Este Curso  Ã© para quem estÃ¡ comeÃ§ando agora ou para quem quer se aperfeiÃ§oar com Vendas de  Bolo no PoteğŸ˜
.
.
.
Aprenda a fazer e vender Bolo no Pote Gourmet, Tenha Ã“timos Ganhos trabalhando em casa! ğŸ˜
VAGAS LIMITADAS! 
Saiba como vÃ¡rias pessoas estÃ£o Lucrando somente fazendo Bolo no PoteğŸ˜

Saiba como fazer essa e outras RECEITAS INCRÃVEIS E DELICIOSAS de Bolo No Pote

Com o CURSO BOLO NO POTE vocÃª vai aprender ğŸ“‹:
â–ª Massas de Bolo de Pote
â–ª Recheios & Coberturas
â–ª Montar o Bolo no Pote
â–ª Embalar e personalizar
â–ª Armazenamento e validade
:

ReceberÃ¡ de BÃ”NUS: ğŸ˜±
.

1.ğŸ“ˆCalculadora de Custos - Uma planilha inteligente de custos que irÃ¡ te mostrar exatamente o valor a ser cobrado de acordo com o seu investimento em materiais e ingredientes.
. âš  basta clicar no link azul do perfil pra fazer a sua inscriÃ§Ã£o ğŸ‘‰ @bolo_no_pote_curso
.
MARCA SUAS AMIGAS â¤ğŸ¤“
:
ğŸ‘‡ğŸ‘‡ğŸ‘‡ğŸ‘‡ğŸ‘‡ğŸ‘‡ğŸ‘‡ğŸ‘‡ğŸ‘‡ğŸ‘‡ğŸ‘‡ğŸ‘‡ğŸ‘‡ğŸ‘‡ğŸ‘‡ğŸ‘‡ğŸ‘‡
.
ğŸš¨Imagens Ilustrativas nÃ£o AutoraisğŸš¨
ğŸ‰Para sua InspiraÃ§Ã£o .
.

#bolo#nutella
#bolonopote#bolodepote
#fazerbolonopote
#brigadeirolovrs
#instabolo
#brigadeirolovr
#mesadedoces
#doces#brigadeirocremoso
#birgadeirodelicia
#bolodebrigadeiro
#brigadeirosgourmet
#brigadeirodeninho
#chocolate#chocolates
#chocolatefudge
#docesparacasamento
#brigadeiroaoleite
#comemorar#docesdecorados
#chocolate
#bolonopotegourmet
#brigadeiro#sabor#saboroso
#saborear#gourmet#gourmets",0.0,0.0,Nutella,EU & Africa
17,1.91e+18,BpwYDqDl2Fa,11/4/2018 10:57,".
#ğŸ‡§ğŸ‡ª #ğŸ« #ğŸª #ğŸ© #ğŸ
.
.
#ì™€í”Œê±°ë¦¬ ê¸¸ì—ì„œ #ì™€í”Œ ëƒ„ìƒˆì§„ë™ #ì§±ë§› #ëˆ„í…”ë¼
2ì°¨ ì™€í”Œê³¼ #ì•„ë©”ë¦¬ì¹´ë…¸ #ìµœê³ ì˜ì¡°í•© 
#waffles #waffle #nutella #wafflefactory
.
#ë²¨ê¸°ì— #ë¸Œë¤¼ì…€ #belgium #brussels",50.85,4.35,Nutella,EU & Africa
18,1.91e+18,BpwYA4Elf7v,11/4/2018 10:56,"HasonlÃ³ tartalomÃ©rt kÃ¶vesd be az oldalt nem harapok #meme #betyar #funny #vicc #magyarcicc #magyarmeme #magyarvicc #smile #nutella #photoshop
#nyeremenyjatek #giveaway #fortnite",0.0,0.0,Nutella,EU & Africa
19,1.91e+18,BpwYAFzHaPn,11/4/2018 10:56,2 unicorn cakes for a 6th birthday partyğŸ‰ #unicorns #6thbirthday #nutella,52.00527956,-0.7471008290000001,Nutella,EU & Africa
20,1.91e+18,BpwX_Q0l5YS,11/4/2018 10:56,"#nutellotti dell' #amicizia
.
#buonadomenica a todos
Ho ancora #Nutella da consumare. Ma questa ricetta ce l'avevo in testa da un po', quindi ve la regalo come #dolcetto della #domenica â¤
.
.
.
.
.
#instacake #bakeoff #bakery #instafood #instacake #foodstyle #foodlovers #foodblogger #food #foodgram #fooditaly #recipe #ricetta #nutellalove #ferrero #foodporn #homemade #mumlife",0.0,0.0,Nutella,EU & Africa
21,1.91e+18,BpwX5hCF4CP,11/4/2018 10:56,"Chocolate Chip Cookie ğŸªğŸ« Cup with Nutella inside. Would you Like this cup?

Tag your â¤ï¸ friends.

By ğŸŒŸ @byigorhealthy",40.7142,-74.0064,Nutella,America
22,1.91e+18,BpwX2TbA3B8,11/4/2018 10:55,"Double layered fruit and veggie smoothie to start the day. ğŸğŸ¥•ğŸğŸ¥’
Follow @the_food_of_insta for daily pics and videos of cuisine from all over.
video Credit @smoothie_world
#breakfast #dessert #dinner #appetizer #foodvibes #foodvideos #foodtutorials #eats #yummy #foodgrams foodporn #foodstagram #foodie #goodeats #foodblogger #foodgram #videooftheday #instagood #food #foodlove #instafood #foodblog #foodtime #foodshare #foodprep #chocolate #nutella #vegan #smoothie #vegan",0.0,0.0,Nutella,EU & Africa
23,1.91e+18,BpwXyx9nbuw,11/4/2018 10:54,"To order please contact us two days ahead on 0797374846
#cupsandjars #letter #h #chocolate #birthday #cake #creamcheese #frosting #stuffed #nutella #chocolatechip #homemade #picoftheday #pic #sweet #dessert #insta #instagood #instaoftheday #instafood #instagram #instagramers #instalike #instajo #hashtag #november #order",31.95,35.9333,Nutella,EU & Africa
24,1.91e+18,BpwXvTtgcSt,11/4/2018 10:54,"Double chocolate, Nutella and hazelnuts for homemade nougat.",0.0,0.0,Nutella,EU & Africa
25,1.91e+18,BpwXsj7Feh4,11/4/2018 10:54,"Buona domenica a tutti!!
Per il dolce di oggi ho pensato a qualcosa di goloso, semplice e buono .
.
.
#torta #pandistelle #panna #nutella #dolcisenzacottura #dessert #recipes #delicius #foodblogger #foodporn #food #ricettefacili #ricettefacilieveloci #homemade #cucinaepasticci 
Se vi piace la ricetta scrivete a @cucinaepasticci",0.0,0.0,Nutella,EU & Africa
26,1.91e+18,BpwXoasAtb2,11/4/2018 10:53,"ğŸ”¥Afim de um mÃ©todo rÃ¡pido e fÃ¡cil para aprender a fazer deliciosos doces Gourmet ğŸ˜‹. â¡Chega de passar horas e horas trabalhando sem ter lucro. â¡FaÃ§a vocÃª mesma seus doces e monte seu prÃ³prio negÃ³cio .

#gourmet 
#docesgourmet
#cakes
#cakesofinstagram
#brownie
#brigadeiros
#brigadeirogourmet
#sacolegourmet
#sacole
#receitasgourmet
#empreendedoras
#cursogourmet
#doces
#bolosnopote
#bolosdepote
#cursoonline
#ganhardinheirocomdoces
#docesfino
#cake
#Bolodechocolate 
#confeitaria
#palhaitaliana
#chocolate
#nutella",0.0,0.0,Nutella,EU & Africa
27,1.91e+18,BpwXoWmAeMi,11/4/2018 10:53,"Pancake, nutella valsoia, cacao amaro e muesli.
#pancakes #nutella #nutellavalsoia #valsoia #muesli #kelloggs #kellogsextra #cacao #cacaoamaro #amaro #colazione #buongiorno #buongiornocosi #goodmorning #foodporn #chebontÃ  #instagood #instafood #insta #food #foodphotography #ciao #instagram #vado #a #divorare #tutto",0.0,0.0,Nutella,EU & Africa
28,1.91e+18,BpwXkasHLZJ,11/4/2018 10:52,"âœ– Bon dimanche gourmand ğŸ˜
#sunday #breakfast #brunch #crepe #yummy #nutella #food #november #autumn #foodlover",0.0,0.0,Nutella,EU & Africa
29,1.91e+18,BpwXh5GH4rq,11/4/2018 10:52,Comme un dimanche #cupcake #chocolate #dulcedeleche #confituredelait #ganache #nutella #homemade #yummy #delicious #yummyinmytummy #doublechocolat #hellodiabetes #sweet #passion #pastry #pastrypassion #food #instafood #pornfood #foodoninsta #instafood #foodlover #chocolatelover #foodgasm #sweetfat #howdareyou,0.0,0.0,Nutella,EU & Africa
30,1.91e+18,BpwXeAsgVCO,11/4/2018 10:52,#waffle #chocolatte #nutella #banana @lipseatery again ğŸ¤£,0.0,0.0,Nutella,EU & Africa
31,1.91e+18,BpwW-s_n_gO,11/4/2018 10:51,"French toast with cereal and strawberries ğŸ“ ..
.
.
.
La vie en rose ğŸŒ¹ by @carlieauttie ğŸµ 
Ø§Ù„Ø·Ø±ÙŠÙ‚Ù‡ Ù…ÙˆØ¬ÙˆØ¯Ù‡ Ù‡ÙˆÙ† ğŸ‘ˆğŸ¼#french_toast_khulood 
Ø§Ù„Ø²ÙŠØ§Ø¯Ù‡ Ø¨Ø§Ù„Ù…ÙˆØ¶ÙˆØ¹ Ø¨Ù†ØºØ·ÙŠ Ø§Ù„ØªÙˆØ³Øª Ø¨Ø§Ù„Ù€ corn flakes Ø¨Ø¹Ø¯ Ø®Ù„Ø·Ø© Ø§Ù„Ø­Ù„ÙŠØ¨ ÙˆØ§Ù„Ø¨ÙŠØ¶ .. ÙˆØ¨Ø³ .
.
.
.
.
.
.
.
#pancakes #cappella #strawberry #nutella #syrup #food #amman #ammanjordan #breakfast #foodphotography #foodporn #foodie #french_toast 
#ammanjordan #amman_food #amman #instagram  #happy #happytime #paradaise #amman_fashion #beamman #beamman_jo #beammanjordan #jo  #Ø­Ø¨_Ø§Ù„Ø§Ø±Ø¯Ù† #Ø¹Ù…Ø§Ù† #cereal #corn_flakes",31.95,35.9333,Nutella,EU & Africa
32,1.91e+18,BpwXaJigj23,11/4/2018 10:51,"Satt heiÃŸt nicht, dass keine schokolade mehr reinpasst! ğŸ«ğŸ˜ Buchengasse 90, 1100 WienğŸ“ ğŸ“²: +43 6608719921

#vienna#chocoteria#chocokebab#choco#donut#food#foodporn#yum#instafood#yummy#sweet#foodie#eat#foodpic#hungry#ilovefood#foods#dessert#wien#dinner#love#sweets#fruit#fruits#patisserie#nutella#waffle ğŸ«ğŸ˜‹",48.17506029999999,16.3736401,Nutella,EU & Africa
33,1.91e+18,BpwXZ-ahQjP,11/4/2018 10:51,"Friend.s
#friend #friends #follow #like #followforfollow #you #kikichallenge #what #nice #simple #easy #morgenmad #hygge #yay #wow #funny #sjov #juice #weekend #happy #glad #movienight #movie #night #morgen #nutella #pandekager #food",0.0,0.0,Nutella,EU & Africa
34,1.91e+18,BpwXXshh57C,11/4/2018 10:51,"ğŸ³ Breakfast ideas ğŸ¤©
â€¢ 2 fried eggs
â€¢ 1/3 of cucumber
â€¢ Sandwich with cheese, salami and mayonneise
â€¢ Ginger tea
â€¢ #nutella with a loaf of bread
â€¢ #danone #yoghurt with a loaf of bread
#enjoyyourbreakfast

#easytocook#likeforlikes#likeforfollow#sparmagyarorszag#magyarinsta#instamagyar#healthyfood#healthyrecipes#students#studentslife#studentbreakfast#goodmorning#instagrammer#foodlovers#followforfollowback",47.4719,19.0503,Nutella,EU & Africa
35,1.91e+18,BpwXWKPH57x,11/4/2018 10:50,"On Sundays We Brunch
@theboysatnumber5 Nicosia, ğŸ‡¨ğŸ‡¾ #onsundayswebrunch #brunchtime #foodporn #foodie #yummy #delicious #nutella #brunch #brunching #avocadotoast #bacon #pancakes #lefkosia #omelette #cyprus #nicosia #treatbox #treatbox01 #ğŸ‡¨ğŸ‡¾#ğŸ¥#ğŸ¥‘#ğŸ¥“",35.167228200000004,33.35800268,Nutella,EU & Africa
36,1.91e+18,BpwXVKCFTB3,11/4/2018 10:50,#imagenes#fotos#dibujos#fotosbuenas#imagenbuenas#photo#imagenlike#imagen#imagenes#like#imageneslike#photo#fotos#foto#picture#imagenesbonitas#chocolate#love#nutella,0.0,0.0,Nutella,EU & Africa
37,1.91e+18,BpwXQlSlFJE,11/4/2018 10:50,"Il Buongiorno migliore Ã¨ quello della domenica.. senza sveglia, senza fretta e soprattutto Insieme.. â¤ï¸â˜•ï¸ğŸ¥§
â€¢
â€¢
â€¢
#breakfast #italianbreakfast #colazione #colazionesana #colazioneitaliana #colazionetime #colazioneacasa #torta #tortanua #crostatina #chocolate #nutella #healtybreakfast #genuinefood #tortafattaincasa #goodmorning #following #instafollow #followme #mulinobianco #coffee #coffeetime #homemade #instalove #foodporn #instafood #foodgram #weekend #homesweethome #cosascelgoacolazione",0.0,0.0,Nutella,EU & Africa
38,1.91e+18,BpwXOfKgVBb,11/4/2018 10:49,"CrÃªpes party âœŒ
#crepes#nutella#netflix#sunday#cuisine#cooking#mangercestlavie#lovefood#foodies#foodinstagram#foodlover#foodporn#passionfood#passion#bouffe#chocolat#gourmandise#picoftheday#musculation#trainingday#foodhealthy#instagram#instafit#picoftheday#trainingday#fitness#fitgirl#fitgirl#nopainnogain#healthyfood #toulouse",43.6044,1.4443,Nutella,EU & Africa
39,1.91e+18,BpwXJ8qHwDh,11/4/2018 10:49,"FrÃ¼hstÃ¼ck ğŸ¤·â€â™€ï¸ heute mal in der KÃ¼che ğŸ˜…  Guten Morgen gewÃ¼nscht ğŸ˜˜

#frÃ¼hstÃ¼ck #sonntag #gutenmorgen #glÃ¼cklich #zufrieden #schwarzertee #cappuccino #sektchen #rÃ¼hrei #pfannkuchen #nutella #honig #erdbeermarmelade #anime #the7deadlysins #kerze #elefanten #romantisch #gutdrauf #nohashtag #raute",0.0,0.0,Nutella,EU & Africa
40,1.91e+18,BpwXHtinpt0,11/4/2018 10:48,#food #foodporn #foodphotography #foodie #foodstagram #foodlover #photographer #photography #photoshoot #photobyme #photooftheday #tasty #delicious #sandwich #cake #sandwichcake #homemade #homemadefood #sandwichmaker #nutella #nutellacake #nutellağŸ« #nutellabrownies #followforfollowback #likeforfollow #follow4followback #likeforlikes #like4likes #igers #instagram,0.0,0.0,Nutella,EU & Africa
41,1.91e+18,BpwXETZH9r8,11/4/2018 10:48,#food #foodporn #foodphotography #foodie #foodstagram #foodlover #photographer #photography #photoshoot #photobyme #photooftheday #tasty #delicious #sandwich #cake #sandwichcake #homemade #homemadefood #sandwichmaker #nutella #nutellacake #nutellağŸ« #nutellabrownies #followforfollowback #likeforfollow #follow4followback #likeforlikes #like4likes #igers #instagram,0.0,0.0,Nutella,EU & Africa
42,1.91e+18,BpwXAGqBSGH,11/4/2018 10:47,Sen morgenmad men det jo sÃ¸ndag ğŸ˜‰#efterÃ¥r #Ã¦gogbacon #brunch #Ã¦blekvÃ¦de #nutella #cocio #embracelife,54.70236,11.76384,Nutella,EU & Africa
43,1.91e+18,BpwW9yQHQI1,11/4/2018 10:47,#food #foodporn #foodphotography #foodie #foodstagram #foodlover #photographer #photography #photoshoot #photobyme #photooftheday #tasty #delicious #sandwich #cake #sandwichcake #homemade #homemadefood #sandwichmaker #nutella #nutellacake #nutellağŸ« #nutellabrownies #followforfollowback #likeforfollow #follow4followback #likeforlikes #like4likes #igers #instagram,0.0,0.0,Nutella,EU & Africa
44,1.91e+18,BpwW5p9hzQA,11/4/2018 10:47,ğŸ©ğŸ’–,-37.93415,145.15723,Nutella,Asia
45,1.91e+18,BpwWulqnrK-,11/4/2018 10:45,"Kom je vandaag langs om deze heerlijke zoet plateau te genieten? ğŸ°ğŸ«ğŸ¬ğŸ© Vandaag tot 18:00 open ğŸ˜‰ 
#chocolade #donuts #brownie #nutella #zoet #thee #tea #chÃ¡ #vansuperfoodtotsuperzoet #arnhem #teatime #koffie #coffee",51.97952,5.90859,Nutella,EU & Africa
46,1.91e+18,BpwWjiZlgGt,11/4/2018 10:45,"ğŸ˜‚ğŸ˜‚ğŸ˜ #salam
É´á´œá´›á´‡ÊŸÊŸá´€â„¢ğŸ«ğŸ’Ÿ@nutella.gpğŸ“·
É´á´œá´›á´‡ÊŸÊŸá´€â„¢ğŸ«ğŸ’Ÿ@nutella.gpğŸµ
É´á´œá´›á´‡ÊŸÊŸá´€â„¢ğŸ«ğŸ’Ÿ@nutella.gpğŸ“¥
#instagood #instalike #instagram #instafood #instafollow #instaphoto #nutella #aztagram #azerbaijan #baku #instaazerbaijan",0.0,0.0,Nutella,EU & Africa
47,1.91e+18,BpwWrkSjQrJ,11/4/2018 10:45,#nutellacrepes #morningcoffee #goodpeople #nutella #kids #bestcoffee #nutellacrepes #latte #frappe #cappucino #limonade #raspberriesjuice #bucharest #instagood #instafollow #2018,44.4325,26.101999999999997,Nutella,EU & Africa
48,1.91e+18,BpwWrhdnwPa,11/4/2018 10:45,"Smoothie od banane, jabuke, kruÅ¡ke, mlijeka i petit keksa.. ğŸ˜ŠğŸ˜‹ğŸŒğŸğŸğŸ¥› Mi smo veÄ‡ u BoÅ¾iÄ‡nom raspoloÅ¾enju.. ğŸ˜ğŸ˜ğŸ¤—ğŸ…ğŸ¤¶ğŸ„ğŸ„â­â­
.. Rudolph, the red-nosed reindeerÂ 
had a very shiny noseÂ 
and if you ever saw itÂ 
you would even say it glowsÂ 
all of the other reindeerÂ 
used to laugh and call him namesÂ 
they never let poor RudolphÂ 
join in any reindeer gamesÂ 
then one foggy Christmas eveÂ 
Santa came to say: ""Rudolph with your nose so brightÂ 
won't you guide my sleigh tonight?""Â ..
.
.
.
#smoothie #pancakes #nutella #fruits #swissroll #naturephotography #breakfast #cookies #food #foodporn #foodphoto #healthy #dessert #dessertporn #dessertphoto #travel #christmas #kitchen #baking #bakingtime #bakery #pastry #yummy #gloobyfood #christmasiscoming #homemade #lifestyle #nature #instafood #foodblogger",45.8167,15.9833,Nutella,EU & Africa
49,1.91e+18,BpwWnD9Hfnw,11/4/2018 10:44,GÃ¢teau aux Fraises et Mousse au Chocolat !! N'hÃ©sitez pas Ã  me demander la recette en commentaires .. Bon Dimanche !! #HomeMade #StrawberryCake #Cake #CakeDecorating #CakeStyle #ChocolateCake #StrawberryChocolate #CocolateLovers #ChocolateAddict #ChocolateDessert #ChocolateTime #ChocolateEveryday #ChocolatePorn #Chocoholic #Nutella #NutellaLover #Fruitarian #Fruity #StrawberryTower #Strawberry #StrawberryAddict #StrawberryLover #FoodBlogger #FoodOfInstagram #FoodPhotography #PhotographyPassion #MadeByMe #MadeWithLove #FeelingBlessed #ThanksGod,0.0,0.0,Nutella,EU & Africa
50,1.91e+18,BpwWmI6DHSo,11/4/2018 10:44,"Nutella e mascarpone ğŸ˜ğŸ˜ğŸ¤¤ğŸ¤¤ğŸ¤¤ğŸ¤¤ .
.
#chocolate #italianphotographer #food #passion #cibo #sunday #foodoftheday #picoftheday #mylove #withyou #dessert #instalike #instafood #love #italianfood#instagood #italy #instalove #instafollow #italiangirl #follow #foodislove #nutella #italylovers #italianfood",44.67934,10.68795,Nutella,EU & Africa
51,1.91e+18,BpwWlfeHxWW,11/4/2018 10:44,"To order please contact us two days ahead on 0797374846
#cupsandjars #letter #s #chocolate #cake #stuffed #nutella #chocolatechip #creamcheese #frosting #homemade #pic #picoftheday #sweet #dessert #birthday #insta #instapic #instagram #instagramers #instagood #instafood #instaoftheday #instalike #instajo #hashtag #november #order",31.95,35.9333,Nutella,EU & Africa
52,1.91e+18,BpwWVoGA8tt,11/4/2018 10:44,"Absolutely! ğŸ‘€ğŸ˜ Tag your friends!ğŸ‘‡ğŸ’•â€¨ğŸ“·:@buzzfeedtasty
â–â–â–â–â–â–â–â–â–â–â–â€¨Follow: ğŸ‘‰@FooodEmpiree ğŸ¦ğŸ°â€¨Follow: ğŸ‘‰ @FooodEmpiree ğŸ¦ğŸ°â€¨â–â–â–â–â–â–â–â–â–â–â–â€¨ğŸ“· All rights and credits reserved to the respective owner (s) -
â€¢
#yummyfood #insta #instagram #diy #lovely #love #chocolate #nutella #burger #cheese #cheesepull #goodness #amazing #tasty #delicious #hungry #beautiful #food #foodporn  #yum #yummy",0.0,0.0,Nutella,EU & Africa
53,1.91e+18,BpwWip0ABd0,11/4/2018 10:43,"Gold moodğŸ˜
#boxoflove #goldbox #gold #gift #surprise #fromheart #fererorocher #nutella #nutellabready #love #perfect #teddybearnis #teddybear #poklon #iznenadenje #zlatnakutija #odsrca #zanju #zanjega #poklonkutija",0.0,0.0,Nutella,EU & Africa
54,1.91e+18,BpwWiH3Aiuj,11/4/2018 10:43,"Nossa mini degustaÃ§Ã£o de docinhos Classic gourmet e recheados â™¥ï¸
.
.
.
Reserve jÃ¡ sua degustaÃ§Ã£o conosco pelo WhatsApp 21 968323944 ou pelo direct!

#doces #novaiguaÃ§u #doce #festa #docinhos #festas #festainfantil #casamento #casamentos #xvanos #15anos #bemcasados #brownie #trufa #trufas #chocolate #chocolates #cupcake #nutella #leiteninho #aniversario #amendoim #brigadeiro #brigadeirosgourmet #doceartesanal #docespersonalizados #docinhosgourmet",0.0,0.0,Nutella,EU & Africa
55,1.91e+18,BpwWhEfAjf0,11/4/2018 10:43,"Domenica di pioggia, cosa câ€™Ã¨ di meglio dei cornetti caldi ?? ğŸ¥ğŸ¥â¤ï¸ #mignon #cornetto #colazione #nutella #likeforlikes",0.0,0.0,Nutella,EU & Africa
56,1.91e+18,BpwWgwBlSEZ,11/4/2018 10:43,"ğŸ“ Happy Sunday ğŸ“
.
.
.
#sundaymorning #pancakes #sorrynotsorry #nutella #whatdiet #kitchenlife #newhome #sunday #davidwilsonhomes #newbuild #homestyling #homedesign #instainspo #foodie",0.0,0.0,Nutella,EU & Africa
57,1.91e+18,BpwWgnsATTH,11/4/2018 10:43,"ğŸ˜‹ğŸ˜‹ğŸ˜ğŸ’“ğŸ˜˜ .
.
.
.
. 
#chocoÂ #dessertÂ #foodÂ #dessertsÂ #foodpornÂ #yum#yummyÂ #foodforfoodiesÂ #foodpicsÂ #instafood#sweetÂ #chocolateÂ #cakeÂ #icecreamÂ #dessertporn#delishÂ #foodsÂ #deliciousÂ #tastyÂ #eatÂ #eatingÂ #sweetÂ #sweettoothÂ #junkfoodÂ #nutella#instadessertÂ #desserttableÂ #cheesecakeÂ #oreoÂ #cookies",0.0,0.0,Nutella,EU & Africa
58,1.91e+18,BpwWf8Khttx,11/4/2018 10:43,"""Bitten Donut""
An extremely realistic chocolate flavored bitten donut on a plate. Comes in all flavors and colors. Hand painted and handmade.
#donut #handmade #ring #ğŸ© #ğŸ’ #cute #lovefood #nutella #digin #mimijewls 
Thank you @lia_dml for the amazing photoshoot! ğŸ’Ÿ",0.0,0.0,Nutella,EU & Africa
59,1.91e+18,BpwWd_yAUR-,11/4/2018 10:43,"Buongiorno dolcissimoğŸ’™
 #torta  #pandistelle #tortaalcioccolato #cacao #nutella #nutellağŸ« #cake #crema #foodography #foodstyling #foodphotography #foodblogger #foodlover #foodgasm #cucinare #cucinaitaliana #cookbook #bastachesiabuono#goodmorning #sunday #goodvibes #happy #happiness #golosiefelici ##followers #foodstyling #foodphotography #followforlike #likeforlikeback #like4follow #likeforfollow #incucina",0.0,0.0,Nutella,EU & Africa
60,1.91e+18,BpwWdS3gnUC,11/4/2018 10:43,"Capuccino and waffle â¤ï¸
.
.
.
.
.
.
.
.
.
.
.
.
.
.
.
.
#waffle #capuccino #coffee #delicious #foodporn #food #sweet #nutella #chocolate #like #afternoon #foodie #foodpic #rome #italy",41.9,12.5,Nutella,EU & Africa
61,1.91e+18,BpwWaovAIWK,11/4/2018 10:42,My kind of Sunday breakfast ğŸ˜ğŸ¥,56.17031,9.552760000000001,Nutella,EU & Africa
62,1.91e+18,BpwWYP8gL1e,11/4/2018 10:42,"Peccati di gola... Sempre peccati... Questa vita sregolata Ã¨ un vero peccato non viverla. ğŸ˜‰
#nutella #instalike #nutellacake #crepes #lovecioccolate #cioccolato #gola #peccatidigola #farlisempre #picoftheday",41.83662212,12.63340497,Nutella,EU & Africa
63,1.91e+18,BpwWQOIhb1a,11/4/2018 10:41,Una bomba imperdible ara el cumple de Alex!!!! Mousse de Nutella y Ferrero Rocher.....habrÃ¡ quedado un pedacito??? #endulzarteelcorazon #bakery #ferrerorocher #nutella #tortamousse,0.0,0.0,Nutella,EU & Africa
64,1.91e+18,BpwTE6fhT5a,11/4/2018 10:13,Dessert goes straight to the heart ğŸ“,41.384659899999996,2.16831,Nutella,EU & Africa
65,1.91e+18,BpwZOtXAzWT,11/4/2018 11:07,11:00 Ã³ra utÃ¡n gyertyafÃ©nyes palacsintareggeliğŸ™‹ğŸ¼â€â™€ï¸â¤ï¸ğŸ™‹ğŸ»â€â™‚ï¸ğŸ¥ #vegÃ¡nmogyikrÃ©m #nutella #barackleki #fÃ¼ge #mertÃ©lnitudnikellğŸ˜‹,0.0,0.0,Nutella,EU & Africa
66,1.91e+18,BpwYt-On7yk,11/4/2018 11:06,"Sundays are for treating yourself and jazz ğŸ¶ğŸ« â €â €â €â €
ğŸ“¹: @baristaali â €â €â €â €â €â €â €â €â €
ğŸ˜‹: Tag #food_tab to be featured â €â €â €â €â €â €â €â €â €
â €â €â €â €â €â €â €â €â €
â €â €â €â €â €â €â €â €â €
#treat #foodie #icecream #chocolate #brownie #dessert #foodporn #fdprn #food #foodtrends #cookies #biscuit #foodgoals #treatyourself #ideas #cool #squarecake #cakes #nutella #latteart #hotchocolate #chocolatelovers #americano #coffee #sunday",60.1708,24.9375,Nutella,EU & Africa
67,1.91e+18,BpwZIivh-CF,11/4/2018 11:06,"Io e la mia signorina stiamo bene insiemee
#nutella#nutella#nutella",0.0,0.0,Nutella,EU & Africa
68,1.91e+18,BpwZGoYHgKw,11/4/2018 11:06,"JUAL NUTELLA UKURAN JUMBO (1000 GRAM / 1 KG)

Whatsapp: 085775933393
LINE: cek di bio instagram

FREE ONGKIR JNE SERVICE (syarat free ongkir: minimum order 3 pcs / lebih). Kurang dr 3 pcs kena ongkir JNE sesuai daerah alamat dan bisa cek langsung di www.jne.co.id

3 bonus gratis 1 jar
6 bonus gratis 2 jar
9 bonus gratis 3 jar
dan seterusnya

Format pesanan: nama. alamat. no telp. barang yg dipesan dan brp jumlahnya

#nutellaspread #jualsoju #jualovomaltine #jualselainutella#jualnutella1000gram #jualkitkat #jualtokyobanana#jualpialegong #jualnutelamurah #jualnutella1kg#jualnutella1000grams #jualnutella1000gr #jualovomaltine#ovomaltinemurah #nutelamurah #coklatnutella #jualovomaltinemurah #nutellamurah #jualnutellamurah#jualtokyomilkcheese #jualnutella1000g #jualirvins  #nutella#jualnutela #jualsamyanghalal #jualnutella#samyangmurah #jualnutellagomurah #selainutella#jualsamyang",0.0,0.0,Nutella,EU & Africa
69,1.91e+18,BpwZFvBHmGy,11/4/2018 11:06,"JUAL NUTELLA UKURAN JUMBO (1000 GRAM / 1 KG)

Whatsapp: 085775933393
LINE: cek di bio instagram

FREE ONGKIR JNE SERVICE (syarat free ongkir: minimum order 3 pcs / lebih). Kurang dr 3 pcs kena ongkir JNE sesuai daerah alamat dan bisa cek langsung di www.jne.co.id

3 bonus gratis 1 jar
6 bonus gratis 2 jar
9 bonus gratis 3 jar
dan seterusnya

Format pesanan: nama. alamat. no telp. barang yg dipesan dan brp jumlahnya

#nutellaspread #jualsoju #jualovomaltine #jualselainutella#jualnutella1000gram #jualkitkat #jualtokyobanana#jualpialegong #jualnutelamurah #jualnutella1kg#jualnutella1000grams #jualnutella1000gr #jualovomaltine#ovomaltinemurah #nutelamurah #coklatnutella #jualovomaltinemurah #nutellamurah #jualnutellamurah#jualtokyomilkcheese #jualnutella1000g #jualirvins  #nutella#jualnutela #jualsamyanghalal #jualnutella#samyangmurah #jualnutellagomurah #selainutella#jualsamyang",0.0,0.0,Nutella,EU & Africa
70,1.91e+18,BpwZFs7BlV3,11/4/2018 11:06,"-nutella bitince ne yaparsÄ±n?
-bÃ¶yle aÄŸlamÄ±ÅŸ gibi yaparÄ±m Ã¼hÃ¼Ã¼Ã¼ -gÃ¶tÃ¼reyim mi?
-gÃ¶tÃ¼rebilir miyim? 
#nutella #nutellalover ğŸ§¡ğŸ¥ #pankupancake ğŸ‘Œ",38.43090661,27.14228792,Nutella,EU & Africa
71,1.91e+18,BpwZFCQH0FY,11/4/2018 11:06,"JUAL NUTELLA UKURAN JUMBO (1000 GRAM / 1 KG)

Whatsapp: 085775933393
LINE: cek di bio instagram

FREE ONGKIR JNE SERVICE (syarat free ongkir: minimum order 3 pcs / lebih). Kurang dr 3 pcs kena ongkir JNE sesuai daerah alamat dan bisa cek langsung di www.jne.co.id

3 bonus gratis 1 jar
6 bonus gratis 2 jar
9 bonus gratis 3 jar
dan seterusnya

Format pesanan: nama. alamat. no telp. barang yg dipesan dan brp jumlahnya

#nutellaspread #jualsoju #jualovomaltine #jualselainutella#jualnutella1000gram #jualkitkat #jualtokyobanana#jualpialegong #jualnutelamurah #jualnutella1kg#jualnutella1000grams #jualnutella1000gr #jualovomaltine#ovomaltinemurah #nutelamurah #coklatnutella #jualovomaltinemurah #nutellamurah #jualnutellamurah#jualtokyomilkcheese #jualnutella1000g #jualirvins  #nutella#jualnutela #jualsamyanghalal #jualnutella#samyangmurah #jualnutellagomurah #selainutella#jualsamyang",0.0,0.0,Nutella,EU & Africa
72,1.91e+18,BpwZC7uHIek,11/4/2018 11:05,MADE IN KHUD (self made) ğŸ˜‚ğŸ˜‚ğŸ‘ŒğŸ˜‹#waffles #food #chocolate #foodie #breakfast #waffle #dessert #icecream #foodphotography #yummy #instafood #delicious #foodblogger #coffee #foodstagram #nutella #pancakes #wafflelove #tasty #crepes #desserts #foodies #foodpics #s #healthyfood #instagood #cafe #bhfyp #delicious #cakestagram,0.0,0.0,Nutella,EU & Africa
73,1.91e+18,BpwZBlgn0px,11/4/2018 11:05,Tre strati di felicitÃ  ğŸ˜‹.....#millefoglie #crema e  #nutella #work #domenicalive #pasticceriadolcipensieri,40.66198,14.90115,Nutella,EU & Africa
74,1.91e+18,BpwY_xIDFyM,11/4/2018 11:05,"Thereâ€™s no such thing as too much dessert! â™¥ï¸ Credit: @massey_eats ğŸ“·
.
.
.
#love #chocolate #waffles #chocolatier #whitechocolate #icecream #waffles #nutella #milkshakes #caramel #desserts #desserttable #instafood #blogger #creator #marshmello #cereal #weekend #foodie #beauty #whippedcream #noregrets",0.0,0.0,Nutella,EU & Africa
75,1.91e+18,BpwY6xIgkdh,11/4/2018 11:04,"Haven't had dinner yet? Come visit us tonight from 6pm til late. 64 Bulla road, Strathmore #tasteofcyprusmelbourne #foodtruck #melbourne #essendon #strathmore #melbourneeats #melbournefood #foodporn #streetfood #eat #dinner #dessert #gyro #lamb #chicken #halloumi #souvlaki #feta #cheese #chips #nutella #mousse #ricotta #cannoli #almond #triantafyllos #cypriotfood #greekfood #greece #greekfoodmelbourne",-37.8156,144.9661,Nutella,Asia
76,1.91e+18,BpwY6iTjllA,11/4/2018 11:04,â–ªChocolate Tiger Stripe Donutsâ–ª  with all the Toppings of course. We take Bonfire Donuts to another level  #nutsaboutdonuts #oreo #saltedcaramel #peanutdust #sugar #chocchipcookies #donuts #bonfire #chocolate #tigerstripes #nutella #hotchocolate #donutkings #birmingham,0.0,0.0,Nutella,EU & Africa
77,1.91e+18,BpwY6ORAPjq,11/4/2018 11:04,"Dat dus.... wie is het hier mee eens?
#nutella #nutellarunners #nutellalovers",0.0,0.0,Nutella,EU & Africa
78,1.91e+18,BpwY5sKANno,11/4/2018 11:04,"jÃ¡ Pensou em GANHAR atÃ© R$3 Mil REAIS com ""PANETONES TRUFADOS""? ğŸ˜± .
.
- Deseja ter um NegÃ³cio Altamente Lucrativo no Conforto da Sua Casa? .
.

O tempo do Natal estÃ¡ Quase Chegando e VocÃª pode Sair na Frente de Seus Concorrentes.
-
- â­•Descubra Como Fazer Panetones Trufados na Sua Casa, Gastando Pouco e Tendo Um Lucro FantÃ¡stico! ğŸ„ .
â¬‡â¬‡â¬‡â¬‡â¬‡ - Estamos com uma Super PROMOÃ‡ÃƒO 36% de desconto tempo limitado
-
-
-
â­•Comente ""EU QUERO"" ou acesse o link que estÃ¡ no Nosso Perfil @panetone_trufados e Aprenda Ã“timas Receitas.ğŸ… ensinamos a Fazer:

PANETONES GOURMET 
Panetones Diet
sÃ£o 32 Receitas Exclusivas de Panetones Trufados
-
-
E ainda vocÃª irÃ¡ aprender:
-
Bolos que Encantam
âœ” Como Fazer Embalagens IncrÃ­veis.

Click no Link azul da Bio @panetone_trufados e comece HOJE mesmo!",-23.4274212,-46.48084933,Nutella,America
79,1.91e+18,BpwY4GvA_QA,11/4/2018 11:04,"We are all here on earth to help others; what on earth the others are here for I don't know

#chocolate #cafechocolatelab #nutella #oreo #choco #chocolat #chocolatecake #chocolates #chocoholic #chocolove #chocolatelover #instachocolate #milkchocolate #whitechocolate #darkchocolate #saltedcaramel #lovechocolate #chocolateaddict#love #TFLers",0.0,0.0,Nutella,EU & Africa
80,1.91e+18,BpwY293B9J5,11/4/2018 11:04,"Sunday morning ! ğŸ¥– 
Sâ€™accorder un petit (gros) plaisir... Un bol de chocolat chaud, du pain avec du @nutella et un verre dâ€™eau citronnÃ©. 
#breakfast #sunday #sundaybreakfast #morning #nutella #life #lifestyle #girl #disney",0.0,0.0,Nutella,EU & Africa
81,1.91e+18,BpwY2MJlhdW,11/4/2018 11:04,"SUNDAY FUNDAY ğŸ¤©
The little tribe have left us, what a sweet little week weâ€™ve had ğŸ¤—
Never to old for Nutella, breakfast for me ğŸ˜‹
another pic of my white flowers getting my moneys worth ğŸ˜‚
.
.
.
Gna have a deep clean today and try and get some DIY done ğŸ¤¯
Happy Sunday xo
.
.
.
#breakfast #nutella #tea #flowers #vase #jug #kitcheninspo #homeaccount #homeinsta #myinstahome #happyhouse #homesweethome #homeblog #instahome #homedecor #homestyle",0.0,0.0,Nutella,EU & Africa
82,1.91e+18,BpwYxAXBCaa,11/4/2018 11:03,"CROSTATINE APPENA SFORNATE 
#lecosebuone #borgotaro #borgovalditaro #vianazionale94 #crostatine #marmellata #nutella",0.0,0.0,Nutella,EU & Africa
83,1.91e+18,BpwYvMDnR7A,11/4/2018 11:03,"La notte ha portato pugni,calci e testate
Ma non c'Ã¨ risveglio migliore
DomenicheğŸ“·â¤ï¸ğŸ˜‡ğŸ˜ˆ
#sundaymorning #breakfast #colazionideicampioni #nutella #buondÃ¬ #lapartita #mattia #angioletto #diavoletto #instabreakfast #piÃ§ #felicita",0.0,0.0,Nutella,EU & Africa
84,1.91e+18,BpwYrPAAfda,11/4/2018 11:02,"ğŸ”¹VocÃª deseja ter um negÃ³cio altamente lucrativo de Doces Gourmet?
 Clique no link azul do meu perfil @docesgourmetlucrativos2018 para aprender a fazer:â¤µ Brigadeiro Gourmet
Bolo no Pote
Brownie 
Pipoca Gourmet
Palha Italiana
SacolÃ© Gourmet 
E vocÃª irÃ¡ aprender tambÃ©m: âœ”Como criar a sua marca.
âœ”50 receitas variÃ¡veis.
âœ”Como fazer embalagens incrÃ­veis.
 Curso 100% online e com certificado de conclusÃ£o.",0.0,0.0,Nutella,EU & Africa
85,1.91e+18,BpwZT7MHgnn,11/4/2018 11:08,"When you win the squash national in your category, what better way to celebrate is with yummy cup cakesÂ 
Congratulations  YUVRAJ WADHWANI.
Call or message to order +91-9821163571
.
.
.
.
.
#eggless#baking#healthy#vegetarian#desserts#chocolate#pie#cake#tasty#delicious#truffle#health#patacake#healthy#lowfat#lowcholesterol#foodlove#quality#cupcakes#healthycake#seasonal#icing#nutella#tasty#protein#tasty#mostloved#instafood#popular#dessertsmakemehappy#NamrataandSapna",0.0,0.0,Nutella,EU & Africa
86,1.91e+18,BpwZPc_FFHW,11/4/2018 11:07,"Diwali aae khushiyo ke bahar lae ğŸ˜ 
People should start giving gifts like this so that everyone can enjoy the same and not forward it to some other person ğŸ˜‚ğŸ˜‚ğŸ˜‚ What say guys ?

Tag someone who would love this.
Follow @thegreatindianfoodie

Add me on snapchat : Sukrit.jain

#Thegreatindianfoodie

#diwali #gift  #nutella #davidoff #fox #foxs #toffee #chocolate #protein #chips #cheese #doritos #lexus 
#chocolatecheesecakeÂ #cakeÂ #foodfoodfood#foodbloggerÂ #dessertÂ #pastryÂ #foodislove#foodislifeÂ #picofthedayÂ #browniesÂ #foodie#foodiesÂ #foodloverÂ #comfortfood",0.0,0.0,Nutella,EU & Africa
87,1.91e+18,BpwZFs7BlV3,11/4/2018 11:06,"-nutella bitince ne yaparsÄ±n? -bÃ¶yle aÄŸlamÄ±ÅŸ gibi yaparÄ±m Ã¼hÃ¼Ã¼Ã¼ -gÃ¶tÃ¼reyim mi? -gÃ¶tÃ¼rebilir miyim? 
#nutella #nutellalover ğŸ§¡ğŸ¥ #pankupancake ğŸ‘Œ",38.43090661,27.14228792,Nutella,EU & Africa
88,1.91e+18,BpwYlOJHFDL,11/4/2018 11:01,"Sabato. âœ¨ğŸ«
#piccolegioie

#saturdaymood #saturdaynight #food #foodlover #fooporn #streetfood #sempreamangiare #waffle #nutella #magraMAI #moodoftheday #vsco #vscocam #picoftheday",44.034378000000004,10.137616,Nutella,EU & Africa
89,1.91e+18,BpwYcFpnp_5,11/4/2018 11:00,"Black Friday Novembro
No delivery Ifood 
#ifood #blackfriday2018 #novembro #bagel #fastfood #delivery #fastfoodlife #saopaulo #brasil #delicias #nutella #nutellağŸ« #bagelsandwich #zonaoestesp #paulista #brasil #bagelworld #bagelstore #fastfoods #ifoodbrasil #ifoodlovers #gastronogram #fastfood #fastfooddelivery #fastfood",-23.56121,-46.691959999999995,Nutella,America
90,1.91e+18,BpwXPpmBLHC,11/4/2018 10:50,#breakfast #sunday #sundaymorning #cake #marmelade #apricot #nutella #coffee #milk #starbucks,0.0,0.0,Nutella,EU & Africa
91,1.91e+18,BpwTE6fhT5a,11/4/2018 10:13,Dessert goes straight to the heart ğŸ“,41.384659899999996,2.16831,Nutella,EU & Africa
92,1.91e+18,BpwZm1WgfS7,11/4/2018 11:10,"I love crumpets with anything on top, sweet or savoury but, today I fancy it with Nutella â™¡
Warm crumpet and Nutella melting on top sinks into those little nooks and crannies, simply divine!â™¡ ğŸ˜‹
The Nutella bursts out of the crevices with each bite, filling the mouth with pure bliss! ğŸ˜ğŸ˜‹
What do you like on your crumpets? 
Swipe â¡
Happy Sunday everyone! ğŸŒâ˜†
*
*
*
*
*
*
*
*
#nutellaoncrumpets #crumpets #warmcrumpets #lovecrumpets #crumpetsandchocolate #englishcrumpets #britishrecipe #nooksandcrannies #tostato #breakfast #brunch #bucherellato #focaccine #nutellaâ™¡ #englishculinary #yeatbatter #spugnette #teaandcrumpets #toastedcrumpets #crumpetsandtea #nutellaaddict #crumpetswithnutella #englishfood #snack #spuntino #butteredcrumpets #crumpetslover #teatime",0.0,0.0,Nutella,EU & Africa
93,1.91e+18,BpwZgr6B8Ry,11/4/2018 11:09,"Nutella baked oats as done by sw-cm88!
Total of 3 syns for the Nutella.
 #sw #foodoptimising #differentbteakfast #nutella #bakedoats #infoodheaven",0.0,0.0,Nutella,EU & Africa
94,1.91e+18,BpwZa6LF9NI,11/4/2018 11:09,"Ø¯Ù… ÙƒÙ„ÙŠØ¯ Ù†ÙˆØªÙ„Ø§ Ùˆ Ø¨Ø³ØªÙ†ÙŠ Ùˆ Ø¯ÙˆÙ†Ø§Øª ÙƒÙ‡ Ø±ÙØªÙ‡ Ø¯Ù… Ø®ÙˆÙ†Ù‡ ØµØ§Ø­Ø¨Ø´â¤ï¸ğŸ˜»ğŸ©ğŸ«ğŸ¦
.
.
Ø¨Ø±Ø§ÙŠ Ø¯Ø±ÙŠØ§ÙØª Ù‚ÙŠÙ…Øª Ø¯Ø§ÙŠØ±ÙƒØªğŸ’ğŸ»
.
.
#ÙÙŠÙ…Ùˆ #Ø®Ù…ÙŠØ±Ú†ÙŠÙ†ÙŠ #Ø¯ÙˆÙ†Ø§Øª #Ø¨Ø³ØªÙ†ÙŠ #Ù†ÙˆØªÙ„Ø§ #Ø¯Ø³ØªØ³Ø§Ø² #nutella #icecream #donuts #fimo",0.0,0.0,Nutella,EU & Africa
95,1.91e+18,BpwZP7WhDH3,11/4/2018 11:09,"Bom diaaaaa....
Hoje teve bolinho meio a meio....chocolate com morango e ninho com nutella... Ã© de encher os olhos de tÃ£o lindo.... #cake #meioameio #chocolatecommorango #ninhocomnutella #nutella #morango #ninho #chocolate #verniercakes",-23.50874,-46.58376,Nutella,America
96,1.91e+18,BpwZaHYA4ND,11/4/2018 11:08,"J'aurais pu vous parler de ma sÃ©ance de Home trainer sur #zwift  de ce matin. Du fait que mon dÃ©railleur de plateau dÃ©conne et que je suis tombÃ© comme une merde accrochÃ© a mon Home trainer Ã§a devait Ãªtre beau a voir tien ğŸ˜‚
.
Mais je prÃ©fÃ¨re vous parler des crÃªpes c'est bien aussi non ? ğŸ˜‹
. 
Des bonnes crÃªpes maison dÃ©gustÃ© ou englouti a vous de choisir la version ğŸ˜‰
.
Quoi de beau au programme chez vous ce dimanche ? Ici on va regarder le dÃ©part de la route du rhume et soutenir #samanthadavies et son compagnon et concurrents #romainattanasio
.
Bon dimanche a vous les amis .
.
Â #runnerspace  #strava  #nutella #bretagne #breizh #frenchrunner #moveyourğŸ‘ #cycle #food #foodporn #crepes #instafood #foodlover #pancakes #famillemary #meltonic #candy #sugar",0.0,0.0,Nutella,EU & Africa
97,1.91e+18,BpwZZ4QBwXo,11/4/2018 11:08,"Nipped out for a healthy breakfast with @sofee65 to @thesunflower_cafe 
Omg will have to walk this off #crepes #banana #nutella #cream #leytonstone #ilovelondon",51.5668758,0.0102235,Nutella,EU & Africa
98,1.91e+18,BpwZY-hHySp,11/4/2018 11:08,"Muffin Nutella Banane
Quoi de mieux pour commencer son dimanche ? Merci Ã  Papilles On/Off pour cette recette ! 
Collection Blog&Co sur cookidoo.fr 
#nutella #banane #cookidoo #thermomix #sundaymorning #cooking #thermomixfr #muffins",0.0,0.0,Nutella,EU & Africa
99,1.91e+18,BpwZYrohB83,11/4/2018 11:08,Spoilt at the dog lovers show todayğŸ’â€â™‚ï¸ This is mums fave from @pablo.and.coğŸ™Š #pabloandco #nutella,0.0,0.0,Nutella,EU & Africa
100,1.91e+18,BpwZWL0l6YQ,11/4/2018 11:08,"itâ€™s not a cakeğŸ™†ğŸ¾â€â™€ï¸ but I had late night cravings so I whipped up a quick dessert, @creamscafeuk hire meğŸ˜‰",0.0,0.0,Nutella,EU & Africa
101,1.91e+18,BpwZSUDHvnI,11/4/2018 11:07,@alkoukh_abdoun #nutella#knafeh#new#abdoun#yummy#,-0.560293804,-0.09338378900000001,Nutella,EU & Africa
102,1.91e+18,BpwZFs7BlV3,11/4/2018 11:06,"-nutella bitince ne yaparsÄ±n? .
-bÃ¶yle aÄŸlamÄ±ÅŸ gibi yaparÄ±m Ã¼hÃ¼Ã¼Ã¼
.
-gÃ¶tÃ¼reyim mi? .
-gÃ¶tÃ¼rebilir miyim? 
#nutella #nutellalover ğŸ§¡ğŸ¥ #pankupancake ğŸ‘Œ",38.43090661,27.14228792,Nutella,EU & Africa
103,1.91e+18,Bpwd6JsHtBh,11/4/2018 11:48,"Have a nice day â™¥ï¸
#chocolate #gift #amman #ammanjordan #candy #follow #followers #lovejo #bonbon #bouquet #snickers #nutella #flowers #giveaways #food #sweet #instagood",31.95,35.9333,Snickers,EU & Africa
104,1.91e+18,BpwdvtghjEa,11/4/2018 11:46,"custom cake, LV DESIGN ğŸ˜ğŸ˜
jom order dengan saya!!
surprisekan orang tersayang anda! ğŸ˜ğŸ˜
ws bajet anda kite akan bantu mengikut bajet anda!! #surprisemurah #deliverykl #cakeviral #didiandfriends #surpise2018 #cakedecorating  #dessert #surprisedeliverymurahkuantan #omardanhana #didiandfriends #murah #kekcomel #deliveryselangor #birthdaycake  #littlepony #kekmurah #mermaid #mermaidcake #nars #mac #graduation #picc #uitm #ukm #decotable #surprisedeliverymurahkl #convocation #mermaid #mermaidcake #unicorncake #unicorncake #cupcake #snickers
#louisvuitton",0.0,0.0,Snickers,EU & Africa
105,1.91e+18,Bpwddb2hz-g,11/4/2018 11:44,ğŸ˜˜ğŸ˜˜ğŸ˜˜ #sunday #goodmorning #streamer #streamgirl #girl #steam #twitter #instagram #twitchtv #twitch #german #community #day #eyes #facetime #face #weekend #sun #kiss #haveaniceday #hdl #divafamily #diva #snickers,0.0,0.0,Snickers,EU & Africa
106,1.91e+18,BpwdRmkAHnW,11/4/2018 11:42,I bloom just for you_ğŸ™ˆ,0.0,0.0,Snickers,EU & Africa
107,1.91e+18,BpwdOvVlO8A,11/4/2018 11:42,"SugarğŸ«

#michalak #snickers #kosmik #christophe_michalak #paris #pleasure #sugar #love @christophe_michalak",48.85727969,2.354898897,Snickers,EU & Africa
108,1.91e+18,BpwdLGJnedE,11/4/2018 11:41,"I apologize but Iâ€™ve been tasting quite a lot of protein bars lately so Iâ€™ve got a lot of posts about them ğŸ˜‚
This one is delicious and kind of reminds me of a snickers though I donâ€™t really remember how snickers tastes, havenâ€™t had one in so long cz of ED ğŸ˜“
.
.
.
.
#eatittobeatit #eatingdisorderrecovery #eatingdisorder #nourishtoflourish #recovery #anorexia #anorexiarecovery #healthyfood #healthy #food #foodblog m #foodjournal #recoveryisworthit #edrecovery #edwarrior #mentalhealth #mentalillness #orthorexia #bulimia #strongnotskinny #delicious #edrecovery #edfighter #protein #proteinbar #chocolate #peanut #snickers",0.0,0.0,Snickers,EU & Africa
109,1.91e+18,BpwdGfOHBVw,11/4/2018 11:41,"×¡× ×™×§×¨×¡ ×§×™×™×§ !

#cake #carmel #caramel #chocolate #yammi #eat #peanut #snickers  #happybirthday #pornfood",0.0,0.0,Snickers,EU & Africa
110,1.91e+18,BpwcRjGAnD4,11/4/2018 11:34,WHITE SNICKERS! ğŸ™€ğŸ™€ #whitechocolate #whitesnickers #snickers #chocolate #chocolatebar #supermarketfinds,0.0,0.0,Snickers,EU & Africa
111,1.91e+18,BpwbG5qnh7U,11/4/2018 11:23,"ğŸ¥œğŸ«SNICKERS MUGCAKEğŸ«ğŸ¥œ
Non Ã¨ venuta particolarmente bella, ma la bontÃ  ha compensato di gran lunga l'aspetto esteriore ğŸ™ŒğŸ¼
Velocissima da preparare e super golosa ğŸ˜‹ provatela e ditemi se non Ã¨ da leccata di piatto ğŸ˜œ
ğŸ‘‰ğŸ¼ direttamente in una tazza ho mescolato 130 gr di albumi, cannella e 40 gr di farina di avena gusto cioccolato ğŸ«. Ho cotto in microonde per 2,30 min alla massima potenza. Una volta pronta, l'ho ribaltata su un piatto, ho scavato il centro e ho posto un cucchiaino di crema di arachidi crunchy ğŸ¥œ al centro. Ho ricoperto con l'impasto prelevato e ho guarnito il tutto con cremina di cacao amaro e arachidi ğŸ˜ğŸ˜‹ğŸ™ŒğŸ¼ ğŸ’™ avena e crema di arachidi 100% si possono acquistare su @zumub.it scontati utilizzando il mio codice FNAVONI ğŸ’™BUONA DOMENICA ğŸ˜˜ #snickers #chocolate #peanutbutter #zumub @zumub #cleaneating #eatclean #foodaddict #goodmorning #foodie #colazionetime #breakfast #eat #healthy #healthyfood #healthychoices #foodgasm #healthybreakfast_ #fitnessaddicted #fit #fitfood #fitfam #fitness #gym #bodybuilding #instafood #instagood #food #foodporn #foodstagram #delicious",0.0,0.0,Snickers,EU & Africa
112,1.91e+18,BpwaNDaHNbD,11/4/2018 11:15,"ğŸŸ
.
.
#Ğ²Ğ¾Ñ‚Ñ‡Ñ‚Ğ¾ÑĞ»ÑĞ±Ğ»Ñ #snickers #shoes #uglyshoes #mango #mangogirls #minskgirl #minsk #lookatme #fashion #look #womanslook #ks_insp_beauty #inspiration #style #streetstyle",53.86499203,27.48428464,Snickers,EU & Africa
113,1.91e+18,BpwZ5ieg4io,11/4/2018 11:13,"girlfrend baba...
#mukabekeng
#100percent 
#dickies
#vans 
#snickers 
#speedhunters 
#holycrit",1.479737081,103.4030755,Snickers,Asia
114,1.91e+18,BpwZtyclTEr,11/4/2018 11:11,"#snickers 
ã¡ã‚‡ã£ã¨#bitterchocolate ğŸ«ã€ã€ï¼Ÿ ã«ã—ã¦ã‚‚ç”˜ã„ã€‚ç¾å‘³ã—ã„ã€‚

#americansweets #americanchocolate #ã‚³ãƒ³ãƒ“ãƒ‹ã‚¹ã‚¤ãƒ¼ãƒ„ #ãŠè“å­å¥½ããªäººã¨ç¹‹ãŒã‚ŠãŸã„ #ã‚¹ã‚¤ãƒ¼ãƒ„éƒ¨ #ã‚¹ã‚¤ãƒ¼ãƒ„ãƒãƒ‹ã‚¢ #ã‚¹ã‚¤ãƒ¼ãƒ„å¥½ããªäººã¨ç¹‹ãŒã‚ŠãŸã„ #ã‚°ãƒ«ãƒ¡å¥³å­ #sweets #sweetstagram #é£Ÿã¹ã‚‹ã®å¥½ããªäººã¨ç¹‹ãŒã‚ŠãŸã„ #ã‚«ãƒ•ã‚§å·¡ã‚Š #æ‰‹æŒã¡å€¶æ¥½éƒ¨ #chocolate #ãƒãƒ§ã‚³å¥½ã #ãƒãƒ§ã‚³ãƒ¬ãƒ¼ãƒˆä¸­æ¯’ #jkãƒ¢ãƒ‡ãƒ« #model #ã‚¿ãƒ¬ãƒ³ãƒˆ #talent #instafood #ãƒ†ã‚¢ãƒˆãƒ«ã‚¢ã‚«ãƒ‡ãƒŸãƒ¼ #ã†ã¡ã‚«ãƒ•ã‚§ #instagood #ã‚°ãƒ«ãƒ¡å¥³å­ #foodstagram #chocolatemania #instasweet #é£Ÿã¹æ¯”ã¹",0.0,0.0,Snickers,EU & Africa
115,1.91e+18,BpwZLKVDusL,11/4/2018 11:06,ĞœĞ½Ğµ ÑĞµĞ³Ğ¾Ğ´Ğ½Ñ 28 Ğ»ĞµÑ‚!!! Ğ¡ Ğ¿Ñ€Ğ°Ğ·Ğ´Ğ½Ğ¸ĞºĞ¾Ğ¼ Ğ¼ĞµĞ½Ñ!!!))) ĞŸĞ¾Ğ·Ğ´Ñ€Ğ°Ğ²Ğ¸Ñ‚ĞµĞ»ÑŒĞ½Ñ‹Ğ¹ Ñ‚Ğ¾Ñ€Ñ‚Ğ¸Ğº Ğ¾Ñ‚ Ğ»ÑĞ±Ğ¸Ğ¼Ğ¾Ğ¹ Ğ¶ĞµĞ½Ñ‹!!! ĞĞ‘ĞĞ–ĞĞ® SNICKERS!!! ĞÑ‡ĞµĞ½ÑŒ Ğ²ĞºÑƒÑĞ½Ñ‹Ğ¹ Ğ¸ Ğ½ĞµĞ¶Ğ½Ñ‹Ğ¹!!! Ğ¡Ğ¿Ğ°ÑĞ¸Ğ±Ğ¾ Ğ¾Ğ³Ñ€Ğ¾Ğ¼Ğ½Ğ¾Ğµ ÑˆĞµÑ„Ğ¿Ğ¾Ğ²Ğ°Ñ€Ñƒ))) @tany_lenkova #4Ğ½Ğ¾ÑĞ±Ñ€Ñ #Ğ´ĞµĞ½ÑŒÑ€Ğ¾Ğ¶Ğ´ĞµĞ½Ğ¸Ñ #Ğ¼Ğ½Ğµ28Ğ»ĞµÑ‚ #Ğ¿Ğ¾Ğ´Ğ°Ñ€Ğ¾Ğº #Ñ‚Ğ¾Ñ€Ñ‚Ğº #Ğ²ĞºÑƒÑĞ½ÑÑˆĞºĞ° #ÑĞ²Ğ¾Ğ¸Ğ¼Ğ¸Ñ€ÑƒĞºĞ°Ğ¼Ğ¸ #snickers,0.0,0.0,Snickers,EU & Africa
116,1.91e+18,BpwZFwtjkuE,11/4/2018 11:06,"Yummi yummi yummi I got love in my tummy...ğŸ™ƒ
.
Wer von euch steht auf Snickers? Ich habe mich mal an Snickers Bars probiertğŸ˜ Das Rezept findet ihr auf meinem Blog fairplantlife.com oder unter dem Link in meiner Insta Bio. Bin gespannt, wie sie euch schmecken werden ğŸ˜Š
.
.
.
.
#food #foodporn #foodie #foodshare #foodlover #foodlove #fit #fitfood #snickers #fitness #sweet #healthy #health #healthylifestyle #healthyfood #protein #eatclean #cleaneating #yummy #delicious #chocolate #peanutbutter #instafood #vegantogo #vegan #veganfood #vegansofig #veganwerdenwaslosdigga",0.0,0.0,Snickers,EU & Africa
117,1.91e+18,BpwY-uAj0Cz,11/4/2018 11:05,"â€œLife is uncertain. Eat dessert first.â€ //
-Black marble sesame cheesecake-
- hazelnut dome - snickerz //
#cheesecake #foomumbai #foo #asianfood #hazelnutdomecake 
#snickers #snickerscake #yum //",0.0,0.0,Snickers,EU & Africa
118,1.91e+18,BpwYPsXgVHw,11/4/2018 10:58,"Snickers & Twix â¤
Cute and chubby piggies ğŸ¹
#snickers #twix #guineapig #guineapigs #meerschweinchen #piggys #piggy #animals #tiere #cuties #cute #chubby #snicksntwix",0.0,0.0,Snickers,EU & Africa
119,1.91e+18,BpwX154hFUl,11/4/2018 10:55,##men ##snickers##available ##dope ##class ##lifestyle ##style ##gentlemanstyle ##gentlemandesire ##lagos ##nigeria ##fashion ##fashionblogger ##menfashion ##menslook ##igfashion ##gqfashion ##trendy ##snickerslovers ##snickersgangs ##snickersaddict ##placeyourorder ##payandreceive ##dmforprice ##holla+2348032262147 ##naijafashion ##lagosfashion ##trendysnickers ##limitedpairs ##,0.0,0.0,Snickers,EU & Africa
120,1.91e+18,BpwXyCdBo3Y,11/4/2018 10:54,##men ##snickers##available ##dope ##class ##lifestyle ##style ##gentlemanstyle ##gentlemandesire ##lagos ##nigeria ##fashion ##fashionblogger ##menfashion ##menslook ##igfashion ##gqfashion ##trendy ##snickerslovers ##snickersgangs ##snickersaddict ##placeyourorder ##payandreceive ##dmforprice ##holla+2348032262147 ##naijafashion ##lagosfashion ##trendysnickers ##limitedpairs ##,0.0,0.0,Snickers,EU & Africa
121,1.91e+18,BpwXv42BoOl,11/4/2018 10:54,##men ##snickers##available ##dope ##class ##lifestyle ##style ##gentlemanstyle ##gentlemandesire ##lagos ##nigeria ##fashion ##fashionblogger ##menfashion ##menslook ##igfashion ##gqfashion ##trendy ##snickerslovers ##snickersgangs ##snickersaddict ##placeyourorder ##payandreceive ##dmforprice ##holla+2348032262147 ##naijafashion ##lagosfashion ##trendysnickers ##limitedpairs ##,0.0,0.0,Snickers,EU & Africa
122,1.91e+18,BpwXsPLnM0D,11/4/2018 10:53,"Nouveau parfum Le Layercake #Snickers
Humm il a fait fureur El hamdulillah.
#instapic #instafood #patisseriehomemade #yummy #lovepastry #layercake #Snickers #caramelbeurresalÃ© #chocolatcacahuÃ¨te",0.0,0.0,Snickers,EU & Africa
123,1.91e+18,BpwXHS7DLJx,11/4/2018 10:48,Everyday is a fashion show &the world is your runway #cloths  #addidas  #snickers #bracelets,0.0,0.0,Snickers,EU & Africa
124,1.91e+18,BpwWoGYHC_V,11/4/2018 10:44,#adidas #stylishgirl #streatwear #blackjeans #stylishgirl #style #nike #puma #gucci #tommyhilfiger #denimjeans #sexygirl #womanpower #wpr #sexyotd #blueouyfit #chanel #snickers #freshouyfit #freshshoes  #queenoutfit #balenciaga #jordan #sportygirl #fila #kappa #boobs #ass #curvygirls #skinnygirls #thicgirls,0.0,0.0,Snickers,EU & Africa
125,1.91e+18,BpwWeathUD4,11/4/2018 10:43,#cadbury#oreo#twirl#sourpatch#aero#malteasers #nestle#pickandmix#mcvities #snickers#fini#haribo#smarties#digestives #munchies #taveners,0.0,0.0,Snickers,EU & Africa
126,1.91e+18,BpwWCP_B4vB,11/4/2018 10:39,ã¨ã‚Šã‚ãˆãš2é€±é–“ä¹—ã‚Šåˆ‡ã‚‹æº–å‚™å®Œäº†â€¼ï¸ #snickers #twix #tostitos #naturevalley #myuã¾ã„ã†ãƒ¼,-33.867509999999996,151.20797,Snickers,Asia
127,1.91e+18,BpwVyuLnYJH,11/4/2018 10:37,"Goeey fudgy snicker brownies fresh out the oven. 
#snickers #packedwithnuts #gooeyness #fudgy",52.6333,-1.13333,Snickers,EU & Africa
128,1.91e+18,BpwVOban2wo,11/4/2018 10:32,Some of my favorite chocolates... #kitkat #snickers #dairymilkoreo #bounty and last but not least #dairymilkfruitandnut,0.0,0.0,Snickers,EU & Africa
129,1.91e+18,BpwVBMiAsr_,11/4/2018 10:30,"Ä†aÄ‡a ğŸ¤©
#snickers #cake #birthdaycake #happybirthday #",0.0,0.0,Snickers,EU & Africa
130,1.91e+18,BpwU8CDh1AP,11/4/2018 10:29,#premiata #instagramfashion #maille #shoes #women #prÃ©sidence #namur #colors #fw18 #snickers @abdebye @presidence.namur,50.46307804,4.864082167,Snickers,EU & Africa
131,1.91e+18,BpwUQfygS-E,11/4/2018 10:26,"Our bundles make ideal gifts and presents, just look at the colours! Donâ€™t settle for the typical â€œbox of chocolatesâ€. Our bundles have that surprise factor, opening a munchies bundle is like opening Pandoraâ€™s box ğŸ¤©ğŸ¤¤ The bigger the bundle the more exclusive items inside ğŸ’¯ DM ğŸ“¥ or ğŸ“ to order - Same day delivery in Derby ğŸ“¦ #TreatYourselfOrTreatYourLovedOnes #american #candy #soda #fanta #dessert #treats #fanta #drpepper #jollyrancher #cadburys #snickers #chocomel #snickers #unique #mandms #hersheys #amazing #sweet #life #delivery #derby #derbyshire #Burton",52.9224904,-1.4763962,Snickers,EU & Africa
132,1.91e+18,BpwUPublBPU,11/4/2018 10:23,"â¤ï¸Ğ¡Ñ‚Ğ°Ğ²ÑŒ Ğ»Ğ°Ğ¹Ğºâ¤ï¸ Ğ¸ Ñ‡Ğ¸Ñ‚Ğ°Ğ¹ Ğ´Ğ°Ğ»ÑŒÑˆĞµğŸ‘‡ğŸ» â›”ï¸ Ğ¡Ğ¢ĞĞŸ Ğ§Ğ•Ğ Ğ•Ğ— 2 Ğ”ĞĞ¯ â›”ï¸ ĞœÑ‹ Ğ¿Ñ€Ğ¸Ğ³Ğ¾Ñ‚Ğ¾Ğ²Ğ¸Ğ»Ğ¸ Ñ€Ğ¾Ğ·Ñ‹Ğ³Ñ€Ñ‹Ñˆ Ğ´Ğ»Ñ ÑĞ»Ğ°Ğ´ĞºĞ¾ĞµĞ¶ĞµĞºğŸ˜‹
Ğ”Ğ°Ñ€Ğ¸Ğ¼ 50 ÑˆĞ¾ĞºĞ¾Ğ»Ğ°Ğ´Ğ½Ñ‹Ñ… Ğ±Ğ°Ñ‚Ğ¾Ğ½Ñ‡Ğ¸ĞºĞ¾Ğ² ğŸ˜±ğŸ«ğŸ«ğŸ«
Ğ¥Ğ¾Ñ‚Ğ¸Ñ‚Ğµ Ğ¿Ğ¾Ğ»ÑƒÑ‡Ğ¸Ñ‚ÑŒ Ğ¸Ñ… Ğ°Ğ±ÑĞ¾Ğ»ÑÑ‚Ğ½Ğ¾ Ğ±ĞµÑĞ¿Ğ»Ğ°Ñ‚Ğ½Ğ¾???ğŸ˜ ĞŸĞµÑ€ĞµÑ…Ğ¾Ğ´Ğ¸Ñ‚Ğµ Ğ¿Ğ¾ ÑÑÑ‹Ğ»ĞºĞµ
ğŸ‘‡ğŸ‘‡ğŸ‘‡
@giveaway.evi
@giveaway.evi
@giveaway.evi

Ğ˜ Ğ¿Ñ€Ğ¸Ğ½Ğ¸Ğ¼Ğ°Ğ¹Ñ‚Ğµ ÑƒÑ‡Ğ°ÑÑ‚Ğ¸Ğµ!
Ğ£Ğ´Ğ°Ñ‡Ğ¸! ğŸ˜‰
_________________________________
#giveawayua #giveawayukraine
#giveawaykiev#Ñ€Ğ¾Ğ·Ñ‹Ğ³Ñ€Ñ‹Ñˆ#ÑƒĞºÑ€Ğ°Ğ¸Ğ½Ğ°#ĞºĞ¸ĞµĞ²#Ğ³Ğ¸Ğ²#snickers#mars#kitkat#nuts#bounty#giveawayevi",0.0,0.0,Snickers,EU & Africa
133,1.91e+18,BpwUA-OFPlr,11/4/2018 10:21,"Eine Gruppe,ein paar Berge,unsere HÃ¼tte, mein Snickers und ich #snickers",0.0,0.0,Snickers,EU & Africa
134,1.91e+18,BpwThbWAIb0,11/4/2018 10:17,"Entremets du week end! ""Comme un snickers"" pour ma belle soeur et son frÃ¨re #entremet #cacahuete #caramel #chocolat #pastry #patisserie #lovemyjob #birthday #snickers",0.0,0.0,Snickers,EU & Africa
135,1.91e+18,BpwTflZA-By,11/4/2018 10:17,"â¤ï¸Ğ¡Ñ‚Ğ°Ğ²ÑŒ Ğ»Ğ°Ğ¹Ğºâ¤ï¸ Ğ¸ Ñ‡Ğ¸Ñ‚Ğ°Ğ¹ Ğ´Ğ°Ğ»ÑŒÑˆĞµğŸ‘‡ğŸ» â›”ï¸ Ğ¡Ğ¢ĞĞŸ Ğ§Ğ•Ğ Ğ•Ğ— 2 Ğ”ĞĞ¯ â›”ï¸ ĞœÑ‹ Ğ¿Ñ€Ğ¸Ğ³Ğ¾Ñ‚Ğ¾Ğ²Ğ¸Ğ»Ğ¸ Ñ€Ğ¾Ğ·Ñ‹Ğ³Ñ€Ñ‹Ñˆ Ğ´Ğ»Ñ ÑĞ»Ğ°Ğ´ĞºĞ¾ĞµĞ¶ĞµĞºğŸ˜‹
Ğ”Ğ°Ñ€Ğ¸Ğ¼ 50 ÑˆĞ¾ĞºĞ¾Ğ»Ğ°Ğ´Ğ½Ñ‹Ñ… Ğ±Ğ°Ñ‚Ğ¾Ğ½Ñ‡Ğ¸ĞºĞ¾Ğ² ğŸ˜±ğŸ«ğŸ«ğŸ«
Ğ¥Ğ¾Ñ‚Ğ¸Ñ‚Ğµ Ğ¿Ğ¾Ğ»ÑƒÑ‡Ğ¸Ñ‚ÑŒ Ğ¸Ñ… Ğ°Ğ±ÑĞ¾Ğ»ÑÑ‚Ğ½Ğ¾ Ğ±ĞµÑĞ¿Ğ»Ğ°Ñ‚Ğ½Ğ¾???ğŸ˜ ĞŸĞµÑ€ĞµÑ…Ğ¾Ğ´Ğ¸Ñ‚Ğµ Ğ¿Ğ¾ ÑÑÑ‹Ğ»ĞºĞµ
ğŸ‘‡ğŸ‘‡ğŸ‘‡
@giveaway.evi
@giveaway.evi
@giveaway.evi

Ğ˜ Ğ¿Ñ€Ğ¸Ğ½Ğ¸Ğ¼Ğ°Ğ¹Ñ‚Ğµ ÑƒÑ‡Ğ°ÑÑ‚Ğ¸Ğµ!
Ğ£Ğ´Ğ°Ñ‡Ğ¸! ğŸ˜‰
_________________________________
#giveawayua #giveawayukraine
#giveawaykiev#Ñ€Ğ¾Ğ·Ñ‹Ğ³Ñ€Ñ‹Ñˆ#ÑƒĞºÑ€Ğ°Ğ¸Ğ½Ğ°#ĞºĞ¸ĞµĞ²#Ğ³Ğ¸Ğ²#snickers#mars#kitkat#nuts#bounty#giveawayevi",48.293,25.9329,Snickers,EU & Africa
136,1.91e+18,BpwTP-6gUlH,11/4/2018 10:15,"FITCOCHO DE SNICKERS SALUDABLE:

Ingredientes para 2 porciones:
ğŸ‘©ğŸ¼â€ğŸ³360 gr de claras de huevo de @mercadona ğŸ‘©ğŸ¼â€ğŸ³75 gr de harina de avena sabor penaut butter de @prozisespana ğŸ‘©ğŸ¼â€ğŸ³ 40 gr s chocolate negro cortados en cachos medianos ğŸ‘©ğŸ¼â€ğŸ³cacahuetes enteros (opcional)
ğŸ‘©ğŸ¼â€ğŸ³ Ingrediente secreto - que ya deja de ser secreto - CARAMELO DE SNICKERS: 70gr de crema de cacahuete crunchy + 70gr de sirope de dÃ¡til + 2 cs de cacao desgrasado âœğŸ»PodÃ©is cambiar el sirope de dÃ¡til por dÃ¡tiles triturados con agu
âœğŸ»AÃ±adid agua o leche vegetal para regular la textura del caramelo
âœğŸ»PodeÃ­s aÃ±adir todo el caramelo o solo la mitad

Toppings:
- 10 gr chocolate negro
- 1 cs cacao desgrasado
- Stevia - 25 gr de agua/leche

Proceso:
ğŸ¥§Batimos las claras a punto de nieve
ğŸ¥§AÃ±adimos poco apoco la harina de avena y la integramos con las claras
ğŸ¥§ Ponemos en un recipiente con papel vegetal de cocina para que no se pegue
ğŸ¥§ AÃ±adimos chocolate negro a cachos, cacahuetes, y el caramelo a cachacos para encontrÃ¡rtelo por sorpresa cuando muerdas el fitcocho
ğŸ¥§ Metemos al horno a 185 grados 20/25 minutos o hasta que estÃ© dorado por fuera
ğŸ¥§Para el topping: metemos todos los ingredientes al micro 20-30 segundos
ğŸ¥§AÃ±adimos sobre el fitcocho con una canciÃ³n de 50 sombras de grey de fondo

#mentesana #delicias #delicious #vidasana #ayquerico #fitcocho #snickers #fitfood #fitfoodporn #realfood #sano #sanoyrico #recetassanas #recetasfit #penautbutter #fitness #fitbreakfast #bizcochofit #recetasconavena #avena #harinadeavena #fitfat",0.0,0.0,Snickers,EU & Africa
137,1.91e+18,BpwTA65lO0v,11/4/2018 10:13,BÃ¤sta dagen pÃ¥ Liseberg igÃ¥r det var sÃ¥ kul!! Vilken tycker ni Liseberg eller grÃ¶nan? Jag gillar bÃ¥da!â¤ï¸ #liseberg #twix #snickers #lisebergmechanica,0.0,0.0,Snickers,EU & Africa
138,1.91e+18,BpwS5_BHhTa,11/4/2018 10:12,"â¤ï¸Ğ¡Ñ‚Ğ°Ğ²ÑŒ Ğ»Ğ°Ğ¹Ğºâ¤ï¸ Ğ¸ Ñ‡Ğ¸Ñ‚Ğ°Ğ¹ Ğ´Ğ°Ğ»ÑŒÑˆĞµğŸ‘‡ğŸ» â›”ï¸ Ğ¡Ğ¢ĞĞŸ Ğ§Ğ•Ğ Ğ•Ğ— 2 Ğ”ĞĞ¯ â›”ï¸ ĞœÑ‹ Ğ¿Ñ€Ğ¸Ğ³Ğ¾Ñ‚Ğ¾Ğ²Ğ¸Ğ»Ğ¸ Ñ€Ğ¾Ğ·Ñ‹Ğ³Ñ€Ñ‹Ñˆ Ğ´Ğ»Ñ ÑĞ»Ğ°Ğ´ĞºĞ¾ĞµĞ¶ĞµĞºğŸ˜‹
Ğ”Ğ°Ñ€Ğ¸Ğ¼ 50 ÑˆĞ¾ĞºĞ¾Ğ»Ğ°Ğ´Ğ½Ñ‹Ñ… Ğ±Ğ°Ñ‚Ğ¾Ğ½Ñ‡Ğ¸ĞºĞ¾Ğ² ğŸ˜±ğŸ«ğŸ«ğŸ«
Ğ¥Ğ¾Ñ‚Ğ¸Ñ‚Ğµ Ğ¿Ğ¾Ğ»ÑƒÑ‡Ğ¸Ñ‚ÑŒ Ğ¸Ñ… Ğ°Ğ±ÑĞ¾Ğ»ÑÑ‚Ğ½Ğ¾ Ğ±ĞµÑĞ¿Ğ»Ğ°Ñ‚Ğ½Ğ¾???ğŸ˜ ĞŸĞµÑ€ĞµÑ…Ğ¾Ğ´Ğ¸Ñ‚Ğµ Ğ¿Ğ¾ ÑÑÑ‹Ğ»ĞºĞµ
ğŸ‘‡ğŸ‘‡ğŸ‘‡
@giveaway.evi
@giveaway.evi
@giveaway.evi

Ğ˜ Ğ¿Ñ€Ğ¸Ğ½Ğ¸Ğ¼Ğ°Ğ¹Ñ‚Ğµ ÑƒÑ‡Ğ°ÑÑ‚Ğ¸Ğµ!
Ğ£Ğ´Ğ°Ñ‡Ğ¸! ğŸ˜‰
_________________________________
#giveawayua #giveawayukraine
#giveawaykiev#Ñ€Ğ¾Ğ·Ñ‹Ğ³Ñ€Ñ‹Ñˆ#ÑƒĞºÑ€Ğ°Ğ¸Ğ½Ğ°#ĞºĞ¸ĞµĞ²#Ğ³Ğ¸Ğ²#snickers#mars#kitkat#nuts#bounty#giveawayevi",0.0,0.0,Snickers,EU & Africa
139,1.91e+18,BpwSvJuAasX,11/4/2018 10:10,"Ø§Ø²ÛŒÙ† Ø¨Ù‡ØªØ±Ù… Ù…Ú¯Ø¹ Ø¯Ø§Ø±ÛŒÙ…ØŸ!ØŸ #Ø§Ø³Ù†ÛŒÚ©Ø±Ø²
#Ù¾ÛŒÙ†Ø§Øª
#Ø¨Ø§Ø¯ÙˆÙ…_Ø²Ù…ÛŒÙ†ÛŒ 
#snickers#chokolate
Ø¨Ø§ Ø¨Ø§Ù„Ø§ØªØ±ÛŒÙ† ØªØ§Ø±ÛŒØ® Ø§Ù†Ù‚Ø¶Ø§ Ù…ÙˆØ¬ÙˆØ¯ Ø¯Ø± Ø¨Ø§Ø²Ø§Ø±ğŸ”ƒ
#Ø¢Ø¨Ù†Ø¨Ø§Øª_Ú†ÙˆØ¨ÛŒğŸ­ 
@abnabat_cho0obi",0.0,0.0,Snickers,EU & Africa
140,1.91e+18,BpwSY20nB22,11/4/2018 10:07,"If you're ever in The Southern Highlands NSW, take a trip to Bowral where you'll find @ms_peacock_fine_chocolates, if you're not (like me) head on over to their online store where you'll find an array of award winning chocolate and confections ğŸ˜‹  These are the 3 that I chose, (as a couple I really wanted were out of stock ğŸ˜­) the Pseudo Snickers, Pleasure bar and the mini Hazelnut bar.  All soooo good.  The only downside is that it took a week for me to get them, whereas I expect when I order something it arrives within a couple of days.  But that's just me...impatient...So stay tuned for my review of each of these wonderful chocolates!",-27.39533658,152.9740532,Snickers,Asia
141,1.91e+18,BpwSMkeFCHJ,11/4/2018 10:05,"â¤ï¸Ğ¡Ñ‚Ğ°Ğ²ÑŒ Ğ»Ğ°Ğ¹Ğºâ¤ï¸ Ğ¸ Ñ‡Ğ¸Ñ‚Ğ°Ğ¹ Ğ´Ğ°Ğ»ÑŒÑˆĞµğŸ‘‡ğŸ» â›”ï¸ Ğ¡Ğ¢ĞĞŸ Ğ§Ğ•Ğ Ğ•Ğ— 2 Ğ”ĞĞ¯ â›”ï¸ ĞœÑ‹ Ğ¿Ñ€Ğ¸Ğ³Ğ¾Ñ‚Ğ¾Ğ²Ğ¸Ğ»Ğ¸ Ñ€Ğ¾Ğ·Ñ‹Ğ³Ñ€Ñ‹Ñˆ Ğ´Ğ»Ñ ÑĞ»Ğ°Ğ´ĞºĞ¾ĞµĞ¶ĞµĞºğŸ˜‹
Ğ”Ğ°Ñ€Ğ¸Ğ¼ 50 ÑˆĞ¾ĞºĞ¾Ğ»Ğ°Ğ´Ğ½Ñ‹Ñ… Ğ±Ğ°Ñ‚Ğ¾Ğ½Ñ‡Ğ¸ĞºĞ¾Ğ² ğŸ˜±ğŸ«ğŸ«ğŸ«
Ğ¥Ğ¾Ñ‚Ğ¸Ñ‚Ğµ Ğ¿Ğ¾Ğ»ÑƒÑ‡Ğ¸Ñ‚ÑŒ Ğ¸Ñ… Ğ°Ğ±ÑĞ¾Ğ»ÑÑ‚Ğ½Ğ¾ Ğ±ĞµÑĞ¿Ğ»Ğ°Ñ‚Ğ½Ğ¾???ğŸ˜ ĞŸĞµÑ€ĞµÑ…Ğ¾Ğ´Ğ¸Ñ‚Ğµ Ğ¿Ğ¾ ÑÑÑ‹Ğ»ĞºĞµ
ğŸ‘‡ğŸ‘‡ğŸ‘‡
@giveaway.evi
@giveaway.evi
@giveaway.evi

Ğ˜ Ğ¿Ñ€Ğ¸Ğ½Ğ¸Ğ¼Ğ°Ğ¹Ñ‚Ğµ ÑƒÑ‡Ğ°ÑÑ‚Ğ¸Ğµ!
Ğ£Ğ´Ğ°Ñ‡Ğ¸! ğŸ˜‰
_________________________________
#giveawayua #giveawayukraine
#giveawaykiev#Ñ€Ğ¾Ğ·Ñ‹Ğ³Ñ€Ñ‹Ñˆ#ÑƒĞºÑ€Ğ°Ğ¸Ğ½Ğ°#ĞºĞ¸ĞµĞ²#Ğ³Ğ¸Ğ²#snickers#mars#kitkat#nuts#bounty#giveawayevi",0.0,0.0,Snickers,EU & Africa
142,1.91e+18,BpwRfHwARmx,11/4/2018 9:59,"è»Šã¨é›»è»Šã°ã£ã‹ã‚Šç¬‘ğŸ˜…ï¼
.
.
.
#babyboy#baby#amormaior#2anos#menino#mundoazul#new#shoes#snickers#love#shopping#sport#half#iran#daddy#minions#bday#brazil#japan#friends#instalove#ãƒ™ãƒ“ãƒ¼#ç”·ã®å­#ãƒãƒ¼ãƒ•#å›½éš›çµå©š#2æ­³#ãƒŸãƒ‹ã‚ªãƒ³ã‚º#ãƒˆãƒŸãƒ¼ãƒ’ãƒ«ãƒ•ã‚£ã‚¬ãƒ¼#ãŠè²·ã„ç‰©",0.0,0.0,Snickers,EU & Africa
143,1.91e+18,BpwRevbHJPr,11/4/2018 9:59,"buy one get one free oh yeah â˜ºï¸â¤ï¸
.
ãƒãƒ§ã‚³ãƒ©ãƒ–ğŸ«â¤ï¸ï½\(Â´âˆ€ï½€)\
.
è²·ä¸€é€ä¸€ï¼ï¼
æ€éº¼å¯ä»¥éŒ¯éï¼ï¼
.
æœ€è¿‘çš„å°7å¾ˆæ·±å¾—æˆ‘å¿ƒâ¤ï¸â¤ï¸â¤ï¸â¤ï¸â¤ï¸
.
.
.
.
.
.
.
.
.
.
.
.
.
.
.
.
.
.
#å®…ãƒˆãƒ¬ #inspiration #dedication #faithful #faith #fit #fitstyle #fitwomen #fitchicks #fitlife #ãƒ¯ãƒ¼ã‚¯ã‚¢ã‚¦ãƒˆ #Godfirst #bodytraining #ãƒˆãƒ¬ãƒ¼ãƒ‹ãƒ³ã‚° #motivation #me #ç­‹ãƒˆãƒ¬ #æ—¥ã€… #ë³´ë””ë¹Œë”© #ãƒ¢ãƒãƒ™ãƒ¼ã‚·ãƒ§ãƒ³ #ilovejesus #ë³´ë””ë¹Œë”© #ìš´ë™ #ìê¸°ê´€ë¦¬ #ìš´ë™í•˜ëŠ”ì—¬ì #è…¹ç­‹ #abs #biceps #chocolate #ãƒãƒ§ã‚³ #snickers",0.0,0.0,Snickers,EU & Africa
144,1.91e+18,BpwKeQLlsuz,11/4/2018 8:58,No quotes allowedğŸ¦âœ– #milypat #coffee #cupcake #food #yummy #tournai #likeforlike #spamforspam #belgium #snickers #chocolate #pumpkinspicelatte,0.0,0.0,Snickers,EU & Africa
145,1.91e+18,BpwRUH2Fm1H,11/4/2018 9:58,"â¤ï¸Ğ¡Ñ‚Ğ°Ğ²ÑŒ Ğ»Ğ°Ğ¹Ğºâ¤ï¸ Ğ¸ Ñ‡Ğ¸Ñ‚Ğ°Ğ¹ Ğ´Ğ°Ğ»ÑŒÑˆĞµğŸ‘‡ğŸ» â›”ï¸ Ğ¡Ğ¢ĞĞŸ Ğ§Ğ•Ğ Ğ•Ğ— 2 Ğ”ĞĞ¯ â›”ï¸ ĞœÑ‹ Ğ¿Ñ€Ğ¸Ğ³Ğ¾Ñ‚Ğ¾Ğ²Ğ¸Ğ»Ğ¸ Ñ€Ğ¾Ğ·Ñ‹Ğ³Ñ€Ñ‹Ñˆ Ğ´Ğ»Ñ ÑĞ»Ğ°Ğ´ĞºĞ¾ĞµĞ¶ĞµĞºğŸ˜‹
Ğ”Ğ°Ñ€Ğ¸Ğ¼ 50 ÑˆĞ¾ĞºĞ¾Ğ»Ğ°Ğ´Ğ½Ñ‹Ñ… Ğ±Ğ°Ñ‚Ğ¾Ğ½Ñ‡Ğ¸ĞºĞ¾Ğ² ğŸ˜±ğŸ«ğŸ«ğŸ«
Ğ¥Ğ¾Ñ‚Ğ¸Ñ‚Ğµ Ğ¿Ğ¾Ğ»ÑƒÑ‡Ğ¸Ñ‚ÑŒ Ğ¸Ñ… Ğ°Ğ±ÑĞ¾Ğ»ÑÑ‚Ğ½Ğ¾ Ğ±ĞµÑĞ¿Ğ»Ğ°Ñ‚Ğ½Ğ¾???ğŸ˜ ĞŸĞµÑ€ĞµÑ…Ğ¾Ğ´Ğ¸Ñ‚Ğµ Ğ¿Ğ¾ ÑÑÑ‹Ğ»ĞºĞµ
ğŸ‘‡ğŸ‘‡ğŸ‘‡
@giveaway.evi
@giveaway.evi
@giveaway.evi

Ğ˜ Ğ¿Ñ€Ğ¸Ğ½Ğ¸Ğ¼Ğ°Ğ¹Ñ‚Ğµ ÑƒÑ‡Ğ°ÑÑ‚Ğ¸Ğµ!
Ğ£Ğ´Ğ°Ñ‡Ğ¸! ğŸ˜‰
_________________________________
#giveawayua #giveawayukraine
#giveawaykiev#Ñ€Ğ¾Ğ·Ñ‹Ğ³Ñ€Ñ‹Ñˆ#ÑƒĞºÑ€Ğ°Ğ¸Ğ½Ğ°#ĞºĞ¸ĞµĞ²#Ğ³Ğ¸Ğ²#snickers#mars#kitkat#nuts#bounty#giveawayevi",0.0,0.0,Snickers,EU & Africa
146,1.91e+18,BpwRS0ug6km,11/4/2018 9:58,"ğŸ˜ FLO ğŸ˜
Yeees or no?
@floayakkabi 
#flo #turkey #shoes #indirim #sale #haraj #takhfif #bamland #snickers #ÙÙ„Ùˆ #ØªØ±Ú©ÛŒÙ‡ #Ø§Ø³ØªØ§Ù†Ø¨ÙˆÙ„ #Ú©ÙØ´ #Ú©ØªÙˆÙ†ÛŒ #Ú©ÙØ´_Ø§Ø³Ù¾Ø±Øª #ØªØ®ÙÛŒÙ #Ø¨Ø§Ù…Ù„Ù†Ø°",0.0,0.0,Snickers,EU & Africa
147,1.91e+18,BpwRKnGF3pe,11/4/2018 9:56,"â¤ï¸Ğ¡Ñ‚Ğ°Ğ²ÑŒ Ğ»Ğ°Ğ¹Ğºâ¤ï¸ Ğ¸ Ñ‡Ğ¸Ñ‚Ğ°Ğ¹ Ğ´Ğ°Ğ»ÑŒÑˆĞµğŸ‘‡ğŸ» â›”ï¸ Ğ¡Ğ¢ĞĞŸ Ğ§Ğ•Ğ Ğ•Ğ— 2 Ğ”ĞĞ¯ â›”ï¸ ĞœÑ‹ Ğ¿Ñ€Ğ¸Ğ³Ğ¾Ñ‚Ğ¾Ğ²Ğ¸Ğ»Ğ¸ Ñ€Ğ¾Ğ·Ñ‹Ğ³Ñ€Ñ‹Ñˆ Ğ´Ğ»Ñ ÑĞ»Ğ°Ğ´ĞºĞ¾ĞµĞ¶ĞµĞºğŸ˜‹
Ğ”Ğ°Ñ€Ğ¸Ğ¼ 50 ÑˆĞ¾ĞºĞ¾Ğ»Ğ°Ğ´Ğ½Ñ‹Ñ… Ğ±Ğ°Ñ‚Ğ¾Ğ½Ñ‡Ğ¸ĞºĞ¾Ğ² ğŸ˜±ğŸ«ğŸ«ğŸ«
Ğ¥Ğ¾Ñ‚Ğ¸Ñ‚Ğµ Ğ¿Ğ¾Ğ»ÑƒÑ‡Ğ¸Ñ‚ÑŒ Ğ¸Ñ… Ğ°Ğ±ÑĞ¾Ğ»ÑÑ‚Ğ½Ğ¾ Ğ±ĞµÑĞ¿Ğ»Ğ°Ñ‚Ğ½Ğ¾???ğŸ˜ ĞŸĞµÑ€ĞµÑ…Ğ¾Ğ´Ğ¸Ñ‚Ğµ Ğ¿Ğ¾ ÑÑÑ‹Ğ»ĞºĞµ
ğŸ‘‡ğŸ‘‡ğŸ‘‡
@giveaway.evi
@giveaway.evi
@giveaway.evi

Ğ˜ Ğ¿Ñ€Ğ¸Ğ½Ğ¸Ğ¼Ğ°Ğ¹Ñ‚Ğµ ÑƒÑ‡Ğ°ÑÑ‚Ğ¸Ğµ!
Ğ£Ğ´Ğ°Ñ‡Ğ¸! ğŸ˜‰
_________________________________
#giveawayua #giveawayukraine
#giveawaykiev#Ñ€Ğ¾Ğ·Ñ‹Ğ³Ñ€Ñ‹Ñˆ#ÑƒĞºÑ€Ğ°Ğ¸Ğ½Ğ°#ĞºĞ¸ĞµĞ²#Ğ³Ğ¸Ğ²#snickers#mars#kitkat#nuts#bounty#giveawayevi",0.0,0.0,Snickers,EU & Africa
148,1.91e+18,BpwKKUpFKWW,11/4/2018 8:55,"â¤ï¸Ğ¡Ñ‚Ğ°Ğ²ÑŒ Ğ»Ğ°Ğ¹Ğºâ¤ï¸ Ğ¸ Ñ‡Ğ¸Ñ‚Ğ°Ğ¹ Ğ´Ğ°Ğ»ÑŒÑˆĞµğŸ‘‡ğŸ» â›”ï¸ Ğ¡Ğ¢ĞĞŸ Ğ§Ğ•Ğ Ğ•Ğ— 2 Ğ”ĞĞ¯ â›”ï¸ ĞœÑ‹ Ğ¿Ñ€Ğ¸Ğ³Ğ¾Ñ‚Ğ¾Ğ²Ğ¸Ğ»Ğ¸ Ñ€Ğ¾Ğ·Ñ‹Ğ³Ñ€Ñ‹Ñˆ Ğ´Ğ»Ñ ÑĞ»Ğ°Ğ´ĞºĞ¾ĞµĞ¶ĞµĞºğŸ˜‹
Ğ”Ğ°Ñ€Ğ¸Ğ¼ 50 ÑˆĞ¾ĞºĞ¾Ğ»Ğ°Ğ´Ğ½Ñ‹Ñ… Ğ±Ğ°Ñ‚Ğ¾Ğ½Ñ‡Ğ¸ĞºĞ¾Ğ² ğŸ˜±ğŸ«ğŸ«ğŸ«
Ğ¥Ğ¾Ñ‚Ğ¸Ñ‚Ğµ Ğ¿Ğ¾Ğ»ÑƒÑ‡Ğ¸Ñ‚ÑŒ Ğ¸Ñ… Ğ°Ğ±ÑĞ¾Ğ»ÑÑ‚Ğ½Ğ¾ Ğ±ĞµÑĞ¿Ğ»Ğ°Ñ‚Ğ½Ğ¾???ğŸ˜ ĞŸĞµÑ€ĞµÑ…Ğ¾Ğ´Ğ¸Ñ‚Ğµ Ğ¿Ğ¾ ÑÑÑ‹Ğ»ĞºĞµ
ğŸ‘‡ğŸ‘‡ğŸ‘‡
@giveaway.evi
@giveaway.evi
@giveaway.evi

Ğ˜ Ğ¿Ñ€Ğ¸Ğ½Ğ¸Ğ¼Ğ°Ğ¹Ñ‚Ğµ ÑƒÑ‡Ğ°ÑÑ‚Ğ¸Ğµ!
Ğ£Ğ´Ğ°Ñ‡Ğ¸! ğŸ˜‰
_________________________________
#giveawayua #giveawayukraine
#giveawaykiev#Ñ€Ğ¾Ğ·Ñ‹Ğ³Ñ€Ñ‹Ñˆ#ÑƒĞºÑ€Ğ°Ğ¸Ğ½Ğ°#ĞºĞ¸ĞµĞ²#Ğ³Ğ¸Ğ²#snickers#mars#kitkat#nuts#bounty#giveawayevi",0.0,0.0,Snickers,EU & Africa
149,1.91e+18,BpwQhkIgXAo,11/4/2018 9:51,"ãã‹ã‚“ã—ã‚ƒãƒˆãƒ¼ãƒã‚¹ğŸš‚ï¼
.
.
.
.
#babyboy#baby#amormaior#2anos#menino#mundoazul#new#shoes#snickers#love#shopping#sport#half#iran#daddy#minions#bday#brazil#japan#friends#instalove#ãƒ™ãƒ“ãƒ¼#ç”·ã®å­#ãƒãƒ¼ãƒ•#å›½éš›çµå©š#2æ­³#ãƒŸãƒ‹ã‚ªãƒ³ã‚º#ãƒˆãƒŸãƒ¼ãƒ’ãƒ«ãƒ•ã‚£ã‚¬ãƒ¼#ãŠè²·ã„ç‰©",0.0,0.0,Snickers,EU & Africa
150,1.91e+18,BpwQYARlLNR,11/4/2018 9:50,"MiÅ‚ej niedzieli ğŸ‘ğŸ¼ *
*
*
*
#coffee #coffetime #mommy #mummys #mykitchen #mug #coffeelover #snickers #breakfast",0.0,0.0,Snickers,EU & Africa
151,1.91e+18,BpwQM2lnrDC,11/4/2018 9:48,#brothers #forever #friendly #cats #rassekater #russischblau #siamkatze #russianbluelover #russianbluecat #siameseofinsta #siameselovers #siamesecat #blueeyes #greeneyes #bailey #snickers #sleepingtogheter,0.0,0.0,Snickers,EU & Africa
152,1.91e+18,BpwQJFpg0Cu,11/4/2018 9:48,"ğŸš—ğŸš—ğŸš—ğŸš—.
.
.
.
#babyboy#baby#amormaior#2anos#menino#mundoazul#new#shoes#snickers#love#shopping#sport#half#iran#daddy#minions#bday#brazil#japan#friends#instalove#ãƒ™ãƒ“ãƒ¼#ç”·ã®å­#ãƒãƒ¼ãƒ•#å›½éš›çµå©š#2æ­³#ãƒŸãƒ‹ã‚ªãƒ³ã‚º#ãƒˆãƒŸãƒ¼ãƒ’ãƒ«ãƒ•ã‚£ã‚¬ãƒ¼#ãŠè²·ã„ç‰©",0.0,0.0,Snickers,EU & Africa
153,1.91e+18,BpwPT2rAUte,11/4/2018 9:40,"Hazy and taken without consent.
.
.
.
.
.
.
.
.
.
#Indianmodels #indianmalemodels #malemodels #menwithbeard #mumbaimodels #bollywood #tollywood #armani #emporioarmani #nightclubs #adidas #adidassuperstar #snickers #menwithmoustache #fitnessmodels #malefitnessmodels #physique #rolex #rolexsumariner #watches #followme #instafollow #kolkata #menwithclass",22.54448,88.35817,Snickers,Asia
154,1.91e+18,BpwOWoogp0w,11/4/2018 9:32,"Love is full of thanksï½ 
à¸„à¸§à¸²à¸¡à¸£à¸±à¸à¹€à¸•à¹‡à¸¡à¸à¸¥à¹ˆà¸­à¸‡à¹€à¸¥à¸¢ à¸‚à¸­à¸šà¸„à¸¸à¸“à¸™à¸°à¸„à¸° ğŸ«â˜ºï¸
â€¢
â€¢
â€¢
â€¢
â€¢
#FerreroRocher #Snickers #chocolate #weekend #instafood #instadaily #delicious #weekendvibes #bangkok #thailand #ë¨¹ìŠ¤íƒ€ê·¸ë¨ #íƒœêµ­ #ë°©ì½• #ì¢‹ì•„ìš”",0.0,0.0,Snickers,EU & Africa
155,1.91e+18,BpwOQFngb8k,11/4/2018 9:31,"Diwali ka best part is diwali ke gifts â¤
Yummy dry fruits and snickers âœ¨ğŸ’ Tag your friends and family and remind them to give you  amazing diwali gifts ğŸ˜
Don't forget to follow us @stomach_fantasies @stomach_fantasies @stomach_fantasies .
.
#dryfruits #diwali #foodporn #foodgasm #foodiegram #instafood #instafoodie #instagood #chocolate #snickers #sweets #followforfollowback #follow4follow #followshoutoutlikecomment #indianfoodbloggers #foodblog #photooftheday #onmytable #foodiesfuel #nycfoodie #vascofood #nomnom #vascorossi #nomnommedan",-22.93064312,-42.89377391,Snickers,America
156,1.91e+18,BpwN-yWHCka,11/4/2018 9:29,"Oreo yoghurt.
â–â–â–â–
Yoghurt is very creamy and sweet. Mixing with oreo cookies it tastes soo damn amazingğŸ˜ğŸ˜ğŸ˜ oreos very well fits with this creamy yoghurt. I love evrything what contains oreos ğŸ˜ğŸ˜ğŸ˜ i totally recommend it . Its soo yummyğŸ˜
â–â–â–
Rating:10/10
Macros:163kcal,24.4gCarbs,4.7gFat,4.9gProtein.",0.0,0.0,Snickers,EU & Africa
157,1.91e+18,BpwLu0_hwX3,11/4/2018 9:09,"When those cravings get to you ğŸ˜‹ it's aw some to know I got a healthier alternative ğŸ˜œ
Clean treats, the toughest decision will be whether to make snickers or bounty bites ğŸ˜
.
.
#1stchapter #treat #snickers #bounty #chocolate #cleantreats #chocolatelovers #jbt #program #health #balance #moderation #cravings #alwaysforward #staydriven #leadbyexample #healthandwellnesscoach",0.0,0.0,Snickers,EU & Africa
158,1.91e+18,BpwLmnTAjPA,11/4/2018 9:08,"Wanted by many.
Taken by none.
Looking at some.
Waiting for oneğŸ’—
Pc:@fantastic__four____ 
#snickers #love #waiting #naturelovers #waterfalls #lookingfor #green #thuglife #theboysclub #nike #samsungs8 #2k18 #conscious_adventurist",8.91667,77.2833,Snickers,Asia
159,1.91e+18,BpwLWokhwMS,11/4/2018 9:06,ĞŸÑ€Ğ¾Ñ…Ğ¾Ğ»Ğ¾Ğ´Ğ½Ğ¸Ğ¹ Ğ¾ÑÑ–Ğ½Ğ½Ñ–Ğ¹ Ñ€Ğ°Ğ½Ğ¾Ğº ĞºÑ€Ğ°Ñ‰Ğµ Ğ¿Ñ€Ğ¾Ğ²Ğ¾Ğ´Ğ¸Ñ‚Ğ¸ Ñƒ ĞºĞ¾Ğ¼Ğ¿Ğ°Ğ½Ñ–Ñ— Ğ³Ğ°Ñ€ÑÑ‡Ğ¾Ğ³Ğ¾ SNICKERS Ğ»Ğ°Ñ‚Ñ‚Ğµ ğŸ‚ğŸ˜ #wtf_lviv #coffee #coffeelviv #coffee_time #coffee_latte #coffee_lviv #latte #capuccino #espresso #lviv #ukraine #snickers,0.0,0.0,Snickers,EU & Africa
160,1.91e+18,BpwLPFrFXwe,11/4/2018 9:05,"â¤ï¸Ğ¡Ñ‚Ğ°Ğ²ÑŒ Ğ»Ğ°Ğ¹Ğºâ¤ï¸ Ğ¸ Ñ‡Ğ¸Ñ‚Ğ°Ğ¹ Ğ´Ğ°Ğ»ÑŒÑˆĞµğŸ‘‡ğŸ» â›”ï¸ Ğ¡Ğ¢ĞĞŸ Ğ§Ğ•Ğ Ğ•Ğ— 2 Ğ”ĞĞ¯ â›”ï¸ ĞœÑ‹ Ğ¿Ñ€Ğ¸Ğ³Ğ¾Ñ‚Ğ¾Ğ²Ğ¸Ğ»Ğ¸ Ñ€Ğ¾Ğ·Ñ‹Ğ³Ñ€Ñ‹Ñˆ Ğ´Ğ»Ñ ÑĞ»Ğ°Ğ´ĞºĞ¾ĞµĞ¶ĞµĞºğŸ˜‹
Ğ”Ğ°Ñ€Ğ¸Ğ¼ 50 ÑˆĞ¾ĞºĞ¾Ğ»Ğ°Ğ´Ğ½Ñ‹Ñ… Ğ±Ğ°Ñ‚Ğ¾Ğ½Ñ‡Ğ¸ĞºĞ¾Ğ² ğŸ˜±ğŸ«ğŸ«ğŸ«
Ğ¥Ğ¾Ñ‚Ğ¸Ñ‚Ğµ Ğ¿Ğ¾Ğ»ÑƒÑ‡Ğ¸Ñ‚ÑŒ Ğ¸Ñ… Ğ°Ğ±ÑĞ¾Ğ»ÑÑ‚Ğ½Ğ¾ Ğ±ĞµÑĞ¿Ğ»Ğ°Ñ‚Ğ½Ğ¾???ğŸ˜ ĞŸĞµÑ€ĞµÑ…Ğ¾Ğ´Ğ¸Ñ‚Ğµ Ğ¿Ğ¾ ÑÑÑ‹Ğ»ĞºĞµ
ğŸ‘‡ğŸ‘‡ğŸ‘‡
@giveaway.evi
@giveaway.evi
@giveaway.evi

Ğ˜ Ğ¿Ñ€Ğ¸Ğ½Ğ¸Ğ¼Ğ°Ğ¹Ñ‚Ğµ ÑƒÑ‡Ğ°ÑÑ‚Ğ¸Ğµ!
Ğ£Ğ´Ğ°Ñ‡Ğ¸! ğŸ˜‰
_________________________________
#giveawayua #giveawayukraine
#giveawaykiev#Ñ€Ğ¾Ğ·Ñ‹Ğ³Ñ€Ñ‹Ñˆ#ÑƒĞºÑ€Ğ°Ğ¸Ğ½Ğ°#ĞºĞ¸ĞµĞ²#Ğ³Ğ¸Ğ²#snickers#mars#kitkat#nuts#bounty#giveawayevi",50.45,30.5233,Snickers,EU & Africa
161,1.91e+18,BpwK0qJAmEJ,11/4/2018 9:01,"â—‡â—‡â—‡â—‡â—‡â—‡â—‡â—‡â—‡
Ğ¯ Ñ‚Ğ¾Ğ¶Ğµ Ñ…Ğ¾Ñ‡Ñƒ Ğ½ĞµĞ¼Ğ½Ğ¾Ğ³Ğ¾ Ñ€Ğ°ÑÑĞºĞ°Ğ·Ğ°Ñ‚ÑŒ #Ğ¾ÑĞµĞ±Ğµ ğŸ˜ŠğŸ¤©ğŸ˜‹: 1. Ğ¯ Ğ½ĞµĞ½Ğ°Ğ²Ğ¸Ğ¶Ñƒ ĞºÑ€Ğ°ÑĞ½Ñ‹Ğµ Ñ€Ğ¾Ğ·Ñ‹ ğŸ’”
2. ĞĞµ Ğ»ÑĞ±Ğ»Ñ Ğ·Ğ¾Ğ»Ğ¾Ñ‚Ğ¾. Ğ˜Ğ·Ğ±ĞµĞ³Ğ°Ñ.
3. Ğ¯ Ğ»ÑĞ±Ğ»Ñ ÑĞ»Ğ°Ğ´ĞºĞ¾Ğµ. ĞœĞ¾Ğ¹ Ñ„Ğ°Ğ²Ğ¾Ñ€Ğ¸Ñ‚ - #snickers 
4. #ÑÑ‡Ğ°ÑÑ‚ÑŒĞµĞ½ĞµĞ²Ğ´ĞµĞ½ÑŒĞ³Ğ°Ñ…, Ğ° Ğ² Ñ‚Ğ¾Ğ¼, Ñ‡Ñ‚Ğ¾ Ğ¸Ğ»Ğ¸ ĞºĞ¾Ğ³Ğ¾ Ñ‚Ñ‹ Ğ¼Ğ¾Ğ¶ĞµÑˆÑŒ ĞºÑƒĞ¿Ğ¸Ñ‚ÑŒ ÑĞµĞ±Ğµ!
5. #Ñ‡ĞµĞ³ĞµĞ¼ ğŸ˜
6. Ğ¥Ğ¾Ñ‡Ñƒ Ğ¿Ñ€Ğ°Ğ²Ğ´Ñƒ! ĞĞ¾ #Ğ»Ğ¾Ğ¶ÑŒĞ²Ğ¾Ğ±Ğ»Ğ°Ğ³Ğ¾ Ğ½Ğ¸ĞºÑ‚Ğ¾ Ğ½Ğµ Ğ¾Ñ‚Ğ¼ĞµĞ½ÑĞ». ğŸ¤
7. Ğ’ÑÑ Ğ¶Ğ¸Ğ·Ğ½ÑŒ Ğ±Ğ¾Ñ€ÑÑÑŒ ÑĞ¾ ÑĞ²Ğ¾Ğ¸Ğ¼ Ğ²ĞµÑĞ¾Ğ¼... Ğ½Ğ¾ Ğ¿Ğ¾ĞºĞ° ÑÑ‚Ğ¾ Ğ½Ğµ ÑĞ¸Ğ»ÑŒĞ½Ğ¾ Ğ·Ğ°Ğ¼ĞµÑ‚Ğ½Ğ¾, Ğ´Ğ° Ğ¸ ÑĞºÑ€Ñ‹Ğ²Ğ°Ñ‚ÑŒ Ñ ÑÑ‚Ğ¾ ÑƒĞ¼ĞµÑ, Ğ¿Ğ¾ÑÑ‚Ğ¾Ğ¼Ñƒ ĞµÑĞ»Ğ¸ Ğ¼Ñ‹ Ğ±ÑƒĞ´ĞµĞ¼ Ğ¿Ğ¸Ñ‚ÑŒ #Ğ»Ğ°Ñ‚Ñ‚Ğµ (Ğ²Ğ¸ÑĞºĞ¸) Ğ¸ ĞµÑÑ‚ÑŒ #Ñ„Ğ¸ÑÑ‚Ğ°ÑˆĞºĞ¾Ğ²Ñ‹Ğ¹Ñ‡Ğ¸Ğ·ĞºĞµĞ¹Ğº, Ñ‚Ñ‹ Ğ°Ğ²Ñ‚Ğ¾Ğ¼Ğ°Ñ‚Ğ¾Ğ¼ Ğ¿Ğ¾Ğ¿Ğ°Ğ´Ğ°ĞµÑˆÑŒ Ğ² ĞºÑ€ÑƒĞ³ Ğ¼Ğ¾Ğ¸Ñ… Ğ¿Ñ€Ğ¸Ğ±Ğ»Ğ¸Ğ¶ĞµĞ½Ğ½Ñ‹Ñ…. 
8. Ğ¯ ÑĞ¼Ğ¾Ñ†Ğ¸Ğ¾Ğ½Ğ°Ğ»ÑŒĞ½Ñ‹Ğ¹ Ñ‡ĞµĞ»Ğ¾Ğ²ĞµĞº, Ğ¼Ğ¾Ğ³Ñƒ Ğ½ÑƒĞ´Ğ¸Ñ‚ÑŒ Ğ´Ğ¾Ğ»Ğ³Ğ¾, Ñ…Ğ¾Ñ‚Ñ Ğ½Ğ° ÑĞ°Ğ¼Ğ¾Ğ¼ Ğ´ĞµĞ»Ğµ Ğ²ÑĞµ Ğ¾Ñ‡ĞµĞ½ÑŒ Ğ´Ğ°Ğ¶Ğµ #Ğ·Ğ°ĞµĞ±Ğ¸ÑÑŒ. ĞŸÑ€Ğ¾ÑˆÑƒ Ğ¿Ñ€Ğ¾ÑÑ‚Ğ¸Ñ‚ÑŒ, ÑÑ‚Ğ¾ Ñ‚Ğ¾Ğ¶Ğµ Ğ¼Ğ¾Ñ Ğ¿Ğ¸Ñ‰Ğ°. 
9. #Ğ¯Ñ€ÑƒĞ³Ğ°ÑÑÑŒĞ¼Ğ°Ñ‚Ğ¾Ğ¼, Ğ±Ğ»ÑÑ‚.
10. Ğ›ÑƒÑ‡ÑˆĞµ Ğ½Ğ¸Ñ‡ĞµĞ³Ğ¾ Ğ½Ğµ Ğ´ĞµĞ»Ğ°Ñ‚ÑŒ, Ñ‡ĞµĞ¼ ÑĞ´ĞµĞ»Ğ°Ñ‚ÑŒ ""Ğ½Ğ° Ğ¾Ñ‚ÑŒĞµĞ±Ğ¸ÑÑŒ"". >>>>>>>>>><<<<<<<<<>>>>>>>>>>>>>>>> 11. ĞœĞ¾Ğµ Ğ»ÑĞ±Ğ¸Ğ¼Ğ¾Ğµ (Ğ¾Ğ½Ğ¾ Ğ¼ĞµĞ½Ñ Ğ¿Ñ€Ğ¸ÑĞ»ĞµĞ´ÑƒĞµÑ‚ ğŸ˜) Ñ‡Ğ¸ÑĞ»Ğ¾ - 11.
#Ñ„Ğ¾Ñ‚Ğ¾Ğ´Ğ½Ñ#Ğ¼Ğ°ĞºĞ¸ÑĞ¶Ğ´Ğ»ÑÑ‚ĞµĞ±Ñ#makeup#makeupforuoy#makeupartist#makeupphoto",55.628,37.738,Snickers,EU & Africa
162,1.91e+18,BpwKvQTATXZ,11/4/2018 9:00,"OREO CHOCOLATE SHAKE AND SNICKERS SHAKE 
The Hudson Cafe GTB Nagar Delhi 
#chocolate #oreo #shakes #chocolateoreos #snickers #snickersshake #shakeshack #shakeitup #shakeology #shakeit #shakeshake #shakespeare #shakespeare #shakeitup #oreos #oreoshake #chocolatechipcookies #food #foodblogger #foodbloggers #foodtruck #foodphotography #coffeequotes #foodtruck #thehudsoncafe #delhi",28.630959999999998,77.21728,Snickers,Asia
163,1.9e+18,BpvQx_KnGmY,11/4/2018 0:34,#adidas #stylishgirl #streatwear #blackjeans #stylishgirl #style #nike #puma #gucci #tommyhilfiger #denimjeans #sexygirl #womanpower #wpr #sexyotd #blueouyfit #chanel #snickers #freshouyfit #freshshoes  #queenoutfit #balenciaga #jordan #sportygirl #fila #kappa #boobs #ass #curvygirls #skinnygirls #thicgirls,0.0,0.0,Snickers,EU & Africa
164,1.9e+18,Bpu8xdcBe7D,11/3/2018 21:39,"ğŸ€â™¥ï¸Sevdikleriniziâ™¥ï¸xoÅŸ suprizlerle â™¥ï¸Sevindirinâ™¥ï¸ ğŸ˜‰
#hediyye #hediyyelik #hediyyebaglanmasi #gÃ¼l #dizayn #instagram #follow #aztagram #buketcoklat #tasarim #cikolata #hediyye #cikolata #twix #designer #alpengold #milkyway #kinder #aztagram #dizayn #snickers #sumqayit #sumgait #sumgayit #hediyyelik #kÃ¼pe #kupe #tasarim #earrings #aztagram  #sumgayit #sumqayit #baku #designer #style #trend #sirga #sirgalar #hediyye #hediyyelik #hediyyeler #hediyyem",40.57219,49.70378,Snickers,Asia
165,1.9e+18,Bpuza_hgGit,11/3/2018 20:17,"Fancy Chocolate Cake... with chocolate cake, fudge buttercream and chocolate crunch ğŸğŸ«",0.0,0.0,Snickers,EU & Africa
166,1.9e+18,BpshXPHAkst,11/2/2018 23:01,#ğŸ‡®ğŸ‡¹#ğŸ¨#ğŸ¦#gelato #snickers #ğŸ˜‹#florence #firenze #ğŸ­#italia #italy #âœ¨#europe #ğŸ’•,43.7769374,11.24767134,Snickers,EU & Africa
167,1.9e+18,BphQYeoBclX,10/29/2018 14:01,#chloe #obuv #new #newshoes #snickers #sportshoes #best #qualitytime #shoes #Ğ¾Ğ±ÑƒĞ²ÑŒ #Ñ…Ğ»Ğ¾Ñ #Ğ»ÑĞºÑĞ¾Ğ±ÑƒĞ²ÑŒ,0.0,0.0,Snickers,EU & Africa
168,1.9e+18,BpZjXTGBHdU,10/26/2018 14:13,#chloe #obuv #new #newshoes #snickers #sportshoes #best #qualitytime #shoes #Ğ¾Ğ±ÑƒĞ²ÑŒ #Ñ…Ğ»Ğ¾Ñ #Ğ»ÑĞºÑĞ¾Ğ±ÑƒĞ²ÑŒ,0.0,0.0,Snickers,EU & Africa
169,1.89e+18,Bo4CHoyB6I1,10/13/2018 13:48,#art #design #photoshop #Ğ¸Ğ»Ğ»ÑÑÑ‚Ñ€Ğ°Ñ‚Ğ¾Ñ€ #illustrator  #illustration #trash #trashartist #Ğ°Ñ€Ñ‚ #Ğ´Ğ¸Ğ·Ğ°Ğ¹Ğ½ #Ñ„Ğ¾Ñ‚Ğ¾ÑˆĞ¾Ğ¿ #ps #Ğ·Ğ¾Ğ¼Ğ±Ğ¸ #Ğ½ÑŒÑĞ±ĞµĞ»Ğ°Ğ½Ñ #newbalance #zombie #rapide #Ñ…Ğ¾Ğ´ÑÑ‡Ğ¸Ğµ #walkingdead #Ñ…Ğ¾Ğ´ÑÑ‡Ğ¸ĞµĞ¼ĞµÑ€Ñ‚Ğ²ĞµÑ†Ñ‹ #blood #snickers #hypebeast,0.0,0.0,Snickers,EU & Africa
170,1.89e+18,Bo1gC3ahyTa,10/12/2018 14:12,#art #design #photoshop #Ğ¸Ğ»Ğ»ÑÑÑ‚Ñ€Ğ°Ñ‚Ğ¾Ñ€ #illustrator  #illustration #trash #trashartist #Ğ°Ñ€Ñ‚ #Ğ´Ğ¸Ğ·Ğ°Ğ¹Ğ½ #Ñ„Ğ¾Ñ‚Ğ¾ÑˆĞ¾Ğ¿ #ps #Ğ·Ğ¾Ğ¼Ğ±Ğ¸ #Ğ½ÑŒÑĞ±ĞµĞ»Ğ°Ğ½Ñ #newbalance #zombie #rapide #Ñ…Ğ¾Ğ´ÑÑ‡Ğ¸Ğµ #walkingdead #Ñ…Ğ¾Ğ´ÑÑ‡Ğ¸ĞµĞ¼ĞµÑ€Ñ‚Ğ²ĞµÑ†Ñ‹ #blood #timelapse #snickers #hypebeast,0.0,0.0,Snickers,EU & Africa
171,1.8e+18,Bjp0pp-HxsC,6/5/2018 18:43,"""You're Not You When You're Hungry""
.
.
.
.
.
.
.
.
.
.
.
.
.
.
.
DON'T REPOST MY PHOTOS ON YOUR PAGE!
.
.

#Aussiedor #dogs #ducks #AussieMix #LabradorRetriever #dogstagram #funny #labmix #aussiedorable #instadog #dailydogs #snickers #runningducks #australianshepherd #laufenten #dogfriend #labrador #puppy #puppychronicles #pawesome #omnomnom #lol #laugh #witty #animalfriends",0.0,0.0,Snickers,EU & Africa
172,1.91e+18,Bpwd6JsHtBh,11/4/2018 11:48,"Have a nice day â™¥ï¸
#chocolate #gift #amman #ammanjordan #candy #follow #followers #lovejo #bonbon #bouquet #snickers #nutella #flowers #giveaways #food #sweet #instagood",31.95,35.9333,Snickers,EU & Africa
173,1.91e+18,BpwZ5ieg4io,11/4/2018 11:13,"girlfrend baba...
#mukabekeng
#100percent 
#dickies
#vans 
#snickers 
#speedhunters 
#holycrit",1.479737081,103.4030755,Snickers,Asia
174,1.91e+18,BpwWCP_B4vB,11/4/2018 10:39,ã¨ã‚Šã‚ãˆãš2é€±é–“ä¹—ã‚Šåˆ‡ã‚‹æº–å‚™å®Œäº†â€¼ï¸ #snickers #twix #tostitos #naturevalley #myuã¾ã„ã†ãƒ¼,-33.867509999999996,151.20797,Snickers,Asia
175,1.91e+18,BpwKvQTATXZ,11/4/2018 9:00,"OREO CHOCOLATE SHAKE AND SNICKERS SHAKE 
The Hudson Cafe GTB Nagar Delhi 
#chocolate #oreo #shakes #chocolateoreos #snickers #snickersshake #shakeshack #shakeitup #shakeology #shakeit #shakeshake #shakespeare #shakespeare #shakeitup #oreos #oreoshake #chocolatechipcookies #food #foodblogger #foodbloggers #foodtruck #foodphotography #coffeequotes #foodtruck #thehudsoncafe #delhi",28.630959999999998,77.21728,Snickers,Asia
176,1.9e+18,BpZjOtFhFow,10/26/2018 14:12,#chloe #obuv #new #newshoes #snickers #sportshoes #best #qualitytime #shoes #Ğ¾Ğ±ÑƒĞ²ÑŒ #Ñ…Ğ»Ğ¾Ñ #Ğ»ÑĞºÑĞ¾Ğ±ÑƒĞ²ÑŒ,0.0,0.0,Snickers,EU & Africa
